[
    {
       "model":"admin.logentry",
       "pk":1,
       "fields":{
          "action_time":"2022-09-28T19:21:06.752Z",
          "user":1,
          "content_type":7,
          "object_id":"1",
          "object_repr":"renuapparel.example.com",
          "action_flag":2,
          "change_message":"[{\"changed\": {\"fields\": [\"Domain name\", \"Display name\"]}}]"
       }
    },
    {
       "model":"admin.logentry",
       "pk":2,
       "fields":{
          "action_time":"2022-09-28T19:42:01.999Z",
          "user":1,
          "content_type":8,
          "object_id":"1",
          "object_repr":"sarahobrien15@gmail.com",
          "action_flag":2,
          "change_message":"[{\"changed\": {\"fields\": [\"Verified\", \"Primary\"]}}]"
       }
    },
    {
       "model":"admin.logentry",
       "pk":3,
       "fields":{
          "action_time":"2022-10-04T21:14:03.519Z",
          "user":1,
          "content_type":14,
          "object_id":"1",
          "object_repr":"new_in",
          "action_flag":1,
          "change_message":"[{\"added\": {}}]"
       }
    },
    {
       "model":"admin.logentry",
       "pk":4,
       "fields":{
          "action_time":"2022-10-04T21:14:34.076Z",
          "user":1,
          "content_type":14,
          "object_id":"2",
          "object_repr":"bottoms",
          "action_flag":1,
          "change_message":"[{\"added\": {}}]"
       }
    },
    {
       "model":"admin.logentry",
       "pk":5,
       "fields":{
          "action_time":"2022-10-04T21:14:49.796Z",
          "user":1,
          "content_type":14,
          "object_id":"3",
          "object_repr":"sports_bras",
          "action_flag":1,
          "change_message":"[{\"added\": {}}]"
       }
    },
    {
       "model":"admin.logentry",
       "pk":6,
       "fields":{
          "action_time":"2022-10-04T21:14:58.349Z",
          "user":1,
          "content_type":14,
          "object_id":"4",
          "object_repr":"tops",
          "action_flag":1,
          "change_message":"[{\"added\": {}}]"
       }
    },
    {
       "model":"admin.logentry",
       "pk":7,
       "fields":{
          "action_time":"2022-10-04T21:15:07.988Z",
          "user":1,
          "content_type":14,
          "object_id":"5",
          "object_repr":"accessories",
          "action_flag":1,
          "change_message":"[{\"added\": {}}]"
       }
    },
    {
       "model":"admin.logentry",
       "pk":8,
       "fields":{
          "action_time":"2022-10-05T19:44:08.249Z",
          "user":1,
          "content_type":13,
          "object_id":"1",
          "object_repr":"Lucy legging",
          "action_flag":1,
          "change_message":"[{\"added\": {}}]"
       }
    },
    {
       "model":"admin.logentry",
       "pk":9,
       "fields":{
          "action_time":"2022-10-05T19:45:20.159Z",
          "user":1,
          "content_type":14,
          "object_id":"6",
          "object_repr":"sweatshirts",
          "action_flag":1,
          "change_message":"[{\"added\": {}}]"
       }
    },
    {
       "model":"admin.logentry",
       "pk":10,
       "fields":{
          "action_time":"2022-10-05T19:47:52.697Z",
          "user":1,
          "content_type":13,
          "object_id":"2",
          "object_repr":"Forest Hoodie",
          "action_flag":1,
          "change_message":"[{\"added\": {}}]"
       }
    },
    {
       "model":"admin.logentry",
       "pk":11,
       "fields":{
          "action_time":"2022-10-05T19:48:08.481Z",
          "user":1,
          "content_type":13,
          "object_id":"1",
          "object_repr":"Lucy Legging",
          "action_flag":2,
          "change_message":"[{\"changed\": {\"fields\": [\"Name\"]}}]"
       }
    },
    {
       "model":"admin.logentry",
       "pk":12,
       "fields":{
          "action_time":"2022-10-05T19:54:37.640Z",
          "user":1,
          "content_type":13,
          "object_id":"3",
          "object_repr":"Namaste Yoga Mat",
          "action_flag":1,
          "change_message":"[{\"added\": {}}]"
       }
    },
    {
       "model":"admin.logentry",
       "pk":13,
       "fields":{
          "action_time":"2022-10-05T19:54:44.987Z",
          "user":1,
          "content_type":13,
          "object_id":"3",
          "object_repr":"Namaste Yoga Mat",
          "action_flag":2,
          "change_message":"[{\"changed\": {\"fields\": [\"Category\"]}}]"
       }
    },
    {
       "model":"admin.logentry",
       "pk":14,
       "fields":{
          "action_time":"2022-10-05T19:56:11.488Z",
          "user":1,
          "content_type":13,
          "object_id":"4",
          "object_repr":"Renu Waterbottle",
          "action_flag":1,
          "change_message":"[{\"added\": {}}]"
       }
    },
    {
       "model":"admin.logentry",
       "pk":15,
       "fields":{
          "action_time":"2022-10-05T19:58:18.573Z",
          "user":1,
          "content_type":13,
          "object_id":"5",
          "object_repr":"Addie Sweatshirt",
          "action_flag":1,
          "change_message":"[{\"added\": {}}]"
       }
    },
    {
       "model":"admin.logentry",
       "pk":16,
       "fields":{
          "action_time":"2022-10-05T19:59:44.905Z",
          "user":1,
          "content_type":13,
          "object_id":"6",
          "object_repr":"Power Legging",
          "action_flag":1,
          "change_message":"[{\"added\": {}}]"
       }
    },
    {
       "model":"admin.logentry",
       "pk":17,
       "fields":{
          "action_time":"2022-10-05T20:00:11.450Z",
          "user":1,
          "content_type":13,
          "object_id":"2",
          "object_repr":"Forest Hoodie",
          "action_flag":2,
          "change_message":"[{\"changed\": {\"fields\": [\"Sku\"]}}]"
       }
    },
    {
       "model":"admin.logentry",
       "pk":18,
       "fields":{
          "action_time":"2022-10-05T20:02:29.042Z",
          "user":1,
          "content_type":13,
          "object_id":"7",
          "object_repr":"Rachel Sports Bra",
          "action_flag":1,
          "change_message":"[{\"added\": {}}]"
       }
    },
    {
       "model":"admin.logentry",
       "pk":19,
       "fields":{
          "action_time":"2022-10-05T20:02:35.773Z",
          "user":1,
          "content_type":13,
          "object_id":"7",
          "object_repr":"Rachel Sports Bra",
          "action_flag":2,
          "change_message":"[]"
       }
    },
    {
       "model":"admin.logentry",
       "pk":20,
       "fields":{
          "action_time":"2022-10-05T20:03:48.400Z",
          "user":1,
          "content_type":13,
          "object_id":"8",
          "object_repr":"Juliette Sports Bra",
          "action_flag":1,
          "change_message":"[{\"added\": {}}]"
       }
    },
    {
       "model":"admin.logentry",
       "pk":21,
       "fields":{
          "action_time":"2022-10-05T20:05:15.432Z",
          "user":1,
          "content_type":13,
          "object_id":"9",
          "object_repr":"Evie Sports Bra",
          "action_flag":1,
          "change_message":"[{\"added\": {}}]"
       }
    },
    {
       "model":"admin.logentry",
       "pk":22,
       "fields":{
          "action_time":"2022-10-05T20:07:13.521Z",
          "user":1,
          "content_type":13,
          "object_id":"10",
          "object_repr":"The Lily Short",
          "action_flag":1,
          "change_message":"[{\"added\": {}}]"
       }
    },
    {
       "model":"admin.logentry",
       "pk":23,
       "fields":{
          "action_time":"2022-10-05T20:08:00.114Z",
          "user":1,
          "content_type":13,
          "object_id":"11",
          "object_repr":"Renu Exercise Ball",
          "action_flag":1,
          "change_message":"[{\"added\": {}}]"
       }
    },
    {
       "model":"admin.logentry",
       "pk":24,
       "fields":{
          "action_time":"2022-10-05T20:08:58.674Z",
          "user":1,
          "content_type":13,
          "object_id":"12",
          "object_repr":"Set of Dumbells",
          "action_flag":1,
          "change_message":"[{\"added\": {}}]"
       }
    },
    {
       "model":"admin.logentry",
       "pk":25,
       "fields":{
          "action_time":"2022-10-05T20:09:46.422Z",
          "user":1,
          "content_type":13,
          "object_id":"13",
          "object_repr":"Renu Bands",
          "action_flag":1,
          "change_message":"[{\"added\": {}}]"
       }
    },
    {
       "model":"admin.logentry",
       "pk":26,
       "fields":{
          "action_time":"2022-10-05T20:10:54.436Z",
          "user":1,
          "content_type":13,
          "object_id":"14",
          "object_repr":"The Marie sweat",
          "action_flag":1,
          "change_message":"[{\"added\": {}}]"
       }
    },
    {
       "model":"admin.logentry",
       "pk":27,
       "fields":{
          "action_time":"2022-10-05T20:12:04.283Z",
          "user":1,
          "content_type":13,
          "object_id":"15",
          "object_repr":"Workout Bundle",
          "action_flag":1,
          "change_message":"[{\"added\": {}}]"
       }
    },
    {
       "model":"admin.logentry",
       "pk":28,
       "fields":{
          "action_time":"2022-10-05T20:13:18.684Z",
          "user":1,
          "content_type":13,
          "object_id":"16",
          "object_repr":"Yoga jogger",
          "action_flag":1,
          "change_message":"[{\"added\": {}}]"
       }
    },
    {
       "model":"admin.logentry",
       "pk":29,
       "fields":{
          "action_time":"2022-10-05T20:13:51.309Z",
          "user":1,
          "content_type":13,
          "object_id":"17",
          "object_repr":"Yoga crop top",
          "action_flag":1,
          "change_message":"[{\"added\": {}}]"
       }
    },
    {
       "model":"admin.logentry",
       "pk":30,
       "fields":{
          "action_time":"2022-10-05T20:20:46.922Z",
          "user":1,
          "content_type":13,
          "object_id":"18",
          "object_repr":"Olive tank top",
          "action_flag":1,
          "change_message":"[{\"added\": {}}]"
       }
    },
    {
       "model":"admin.logentry",
       "pk":31,
       "fields":{
          "action_time":"2022-10-05T20:21:52.478Z",
          "user":1,
          "content_type":13,
          "object_id":"19",
          "object_repr":"Olive legging",
          "action_flag":1,
          "change_message":"[{\"added\": {}}]"
       }
    },
    {
       "model":"admin.logentry",
       "pk":32,
       "fields":{
          "action_time":"2022-10-05T20:22:44.119Z",
          "user":1,
          "content_type":13,
          "object_id":"20",
          "object_repr":"Coral tank top",
          "action_flag":1,
          "change_message":"[{\"added\": {}}]"
       }
    },
    {
       "model":"admin.logentry",
       "pk":33,
       "fields":{
          "action_time":"2022-10-05T20:23:23.787Z",
          "user":1,
          "content_type":13,
          "object_id":"21",
          "object_repr":"Mint legging",
          "action_flag":1,
          "change_message":"[{\"added\": {}}]"
       }
    },
    {
       "model":"admin.logentry",
       "pk":34,
       "fields":{
          "action_time":"2022-10-05T20:23:30.060Z",
          "user":1,
          "content_type":13,
          "object_id":"21",
          "object_repr":"Mint legging",
          "action_flag":2,
          "change_message":"[]"
       }
    },
    {
       "model":"admin.logentry",
       "pk":35,
       "fields":{
          "action_time":"2022-10-05T20:24:29.021Z",
          "user":1,
          "content_type":13,
          "object_id":"22",
          "object_repr":"Grey Sports Bra",
          "action_flag":1,
          "change_message":"[{\"added\": {}}]"
       }
    },
    {
       "model":"admin.logentry",
       "pk":36,
       "fields":{
          "action_time":"2022-10-05T20:25:39.164Z",
          "user":1,
          "content_type":13,
          "object_id":"23",
          "object_repr":"Grey 7/8 legging",
          "action_flag":1,
          "change_message":"[{\"added\": {}}]"
       }
    },
    {
       "model":"admin.logentry",
       "pk":37,
       "fields":{
          "action_time":"2022-10-05T20:27:33.356Z",
          "user":1,
          "content_type":13,
          "object_id":"24",
          "object_repr":"Michelle Co-ord",
          "action_flag":1,
          "change_message":"[{\"added\": {}}]"
       }
    },
    {
       "model":"admin.logentry",
       "pk":38,
       "fields":{
          "action_time":"2022-10-05T20:28:33.652Z",
          "user":1,
          "content_type":13,
          "object_id":"25",
          "object_repr":"Violet Coord",
          "action_flag":1,
          "change_message":"[{\"added\": {}}]"
       }
    },
    {
       "model":"admin.logentry",
       "pk":39,
       "fields":{
          "action_time":"2022-10-05T20:28:54.062Z",
          "user":1,
          "content_type":13,
          "object_id":"25",
          "object_repr":"Violet Co-ord",
          "action_flag":2,
          "change_message":"[{\"changed\": {\"fields\": [\"Name\"]}}]"
       }
    },
    {
       "model":"admin.logentry",
       "pk":40,
       "fields":{
          "action_time":"2022-10-05T20:29:20.186Z",
          "user":1,
          "content_type":13,
          "object_id":"9",
          "object_repr":"The Evie Sports Bra",
          "action_flag":2,
          "change_message":"[{\"changed\": {\"fields\": [\"Name\"]}}]"
       }
    },
    {
       "model":"admin.logentry",
       "pk":41,
       "fields":{
          "action_time":"2022-10-05T20:29:33.122Z",
          "user":1,
          "content_type":13,
          "object_id":"8",
          "object_repr":"The Juliette Sports Bra",
          "action_flag":2,
          "change_message":"[{\"changed\": {\"fields\": [\"Name\"]}}]"
       }
    },
    {
       "model":"admin.logentry",
       "pk":42,
       "fields":{
          "action_time":"2022-10-05T20:29:45.234Z",
          "user":1,
          "content_type":13,
          "object_id":"7",
          "object_repr":"The Rachel Sports Bra",
          "action_flag":2,
          "change_message":"[{\"changed\": {\"fields\": [\"Name\"]}}]"
       }
    },
    {
       "model":"admin.logentry",
       "pk":43,
       "fields":{
          "action_time":"2022-10-05T20:29:54.884Z",
          "user":1,
          "content_type":13,
          "object_id":"5",
          "object_repr":"The Addie Sweatshirt",
          "action_flag":2,
          "change_message":"[{\"changed\": {\"fields\": [\"Name\"]}}]"
       }
    },
    {
       "model":"admin.logentry",
       "pk":44,
       "fields":{
          "action_time":"2022-10-05T20:30:14.391Z",
          "user":1,
          "content_type":13,
          "object_id":"24",
          "object_repr":"The Michelle Co-ord",
          "action_flag":2,
          "change_message":"[{\"changed\": {\"fields\": [\"Name\"]}}]"
       }
    },
    {
       "model":"admin.logentry",
       "pk":45,
       "fields":{
          "action_time":"2022-10-05T20:30:33.343Z",
          "user":1,
          "content_type":13,
          "object_id":"1",
          "object_repr":"The Lucy Legging",
          "action_flag":2,
          "change_message":"[{\"changed\": {\"fields\": [\"Name\"]}}]"
       }
    },
    {
       "model":"admin.logentry",
       "pk":46,
       "fields":{
          "action_time":"2022-10-06T18:32:45.905Z",
          "user":1,
          "content_type":13,
          "object_id":"23",
          "object_repr":"Grey 7/8 legging",
          "action_flag":2,
          "change_message":"[{\"changed\": {\"fields\": [\"Category\"]}}]"
       }
    },
    {
       "model":"admin.logentry",
       "pk":47,
       "fields":{
          "action_time":"2022-10-06T18:33:31.115Z",
          "user":1,
          "content_type":13,
          "object_id":"8",
          "object_repr":"The Juliette Sports Bra",
          "action_flag":2,
          "change_message":"[{\"changed\": {\"fields\": [\"Sku\"]}}]"
       }
    },
    {
       "model":"admin.logentry",
       "pk":48,
       "fields":{
          "action_time":"2022-10-06T20:28:05.966Z",
          "user":1,
          "content_type":13,
          "object_id":"4",
          "object_repr":"The Hanton Waterbottle",
          "action_flag":2,
          "change_message":"[{\"changed\": {\"fields\": [\"Name\"]}}]"
       }
    },
    {
       "model":"admin.logentry",
       "pk":49,
       "fields":{
          "action_time":"2022-10-08T21:35:42.139Z",
          "user":1,
          "content_type":13,
          "object_id":"1",
          "object_repr":"The Lucy Legging",
          "action_flag":2,
          "change_message":"[{\"changed\": {\"fields\": [\"Product description\"]}}]"
       }
    },
    {
       "model":"admin.logentry",
       "pk":50,
       "fields":{
          "action_time":"2022-10-08T21:38:59.192Z",
          "user":1,
          "content_type":13,
          "object_id":"2",
          "object_repr":"The Forest Hoodie",
          "action_flag":2,
          "change_message":"[{\"changed\": {\"fields\": [\"Name\", \"Product description\"]}}]"
       }
    },
    {
       "model":"admin.logentry",
       "pk":51,
       "fields":{
          "action_time":"2022-10-08T21:39:29.120Z",
          "user":1,
          "content_type":13,
          "object_id":"2",
          "object_repr":"The Forest Hoodie",
          "action_flag":2,
          "change_message":"[{\"changed\": {\"fields\": [\"Product description\"]}}]"
       }
    },
    {
       "model":"admin.logentry",
       "pk":52,
       "fields":{
          "action_time":"2022-10-08T21:42:19.643Z",
          "user":1,
          "content_type":13,
          "object_id":"3",
          "object_repr":"Namaste Yoga Mat",
          "action_flag":2,
          "change_message":"[{\"changed\": {\"fields\": [\"Product description\"]}}]"
       }
    },
    {
       "model":"admin.logentry",
       "pk":53,
       "fields":{
          "action_time":"2022-10-08T21:55:25.883Z",
          "user":1,
          "content_type":13,
          "object_id":"4",
          "object_repr":"The Hanton Waterbottle",
          "action_flag":2,
          "change_message":"[{\"changed\": {\"fields\": [\"Product description\"]}}]"
       }
    },
    {
       "model":"admin.logentry",
       "pk":54,
       "fields":{
          "action_time":"2022-10-08T21:57:54.375Z",
          "user":1,
          "content_type":13,
          "object_id":"5",
          "object_repr":"The Addie Sweatshirt",
          "action_flag":2,
          "change_message":"[{\"changed\": {\"fields\": [\"Product description\", \"Image\"]}}]"
       }
    },
    {
       "model":"admin.logentry",
       "pk":55,
       "fields":{
          "action_time":"2022-10-08T21:58:30.379Z",
          "user":1,
          "content_type":13,
          "object_id":"5",
          "object_repr":"The Addie Sweatshirt",
          "action_flag":2,
          "change_message":"[{\"changed\": {\"fields\": [\"Image\"]}}]"
       }
    },
    {
       "model":"admin.logentry",
       "pk":56,
       "fields":{
          "action_time":"2022-10-08T22:01:58.039Z",
          "user":1,
          "content_type":13,
          "object_id":"6",
          "object_repr":"Power Legging",
          "action_flag":2,
          "change_message":"[{\"changed\": {\"fields\": [\"Product description\"]}}]"
       }
    },
    {
       "model":"admin.logentry",
       "pk":57,
       "fields":{
          "action_time":"2022-10-08T22:02:19.424Z",
          "user":1,
          "content_type":13,
          "object_id":"6",
          "object_repr":"Power Legging",
          "action_flag":2,
          "change_message":"[{\"changed\": {\"fields\": [\"Product description\"]}}]"
       }
    },
    {
       "model":"admin.logentry",
       "pk":58,
       "fields":{
          "action_time":"2022-10-08T22:04:31.818Z",
          "user":1,
          "content_type":13,
          "object_id":"7",
          "object_repr":"The Rachel Sports Bra",
          "action_flag":2,
          "change_message":"[{\"changed\": {\"fields\": [\"Product description\"]}}]"
       }
    },
    {
       "model":"admin.logentry",
       "pk":59,
       "fields":{
          "action_time":"2022-10-08T22:06:59.143Z",
          "user":1,
          "content_type":13,
          "object_id":"8",
          "object_repr":"The Juliette Sports Bra",
          "action_flag":2,
          "change_message":"[{\"changed\": {\"fields\": [\"Product description\"]}}]"
       }
    },
    {
       "model":"admin.logentry",
       "pk":60,
       "fields":{
          "action_time":"2022-10-08T22:08:28.434Z",
          "user":1,
          "content_type":13,
          "object_id":"9",
          "object_repr":"The Evie Sports Bra",
          "action_flag":2,
          "change_message":"[{\"changed\": {\"fields\": [\"Product description\"]}}]"
       }
    },
    {
       "model":"admin.logentry",
       "pk":61,
       "fields":{
          "action_time":"2022-10-08T22:09:28.813Z",
          "user":1,
          "content_type":13,
          "object_id":"10",
          "object_repr":"The Lily Short",
          "action_flag":2,
          "change_message":"[{\"changed\": {\"fields\": [\"Product description\"]}}]"
       }
    },
    {
       "model":"admin.logentry",
       "pk":62,
       "fields":{
          "action_time":"2022-10-08T22:10:27.359Z",
          "user":1,
          "content_type":13,
          "object_id":"11",
          "object_repr":"Renu Exercise Ball",
          "action_flag":2,
          "change_message":"[{\"changed\": {\"fields\": [\"Product description\"]}}]"
       }
    },
    {
       "model":"admin.logentry",
       "pk":63,
       "fields":{
          "action_time":"2022-10-08T22:12:42.441Z",
          "user":1,
          "content_type":13,
          "object_id":"12",
          "object_repr":"Set of Renu Dumbells",
          "action_flag":2,
          "change_message":"[{\"changed\": {\"fields\": [\"Name\", \"Product description\"]}}]"
       }
    },
    {
       "model":"admin.logentry",
       "pk":64,
       "fields":{
          "action_time":"2022-10-08T22:14:20.797Z",
          "user":1,
          "content_type":13,
          "object_id":"13",
          "object_repr":"Renu Bands Bundle",
          "action_flag":2,
          "change_message":"[{\"changed\": {\"fields\": [\"Name\", \"Product description\"]}}]"
       }
    },
    {
       "model":"admin.logentry",
       "pk":65,
       "fields":{
          "action_time":"2022-10-08T22:16:19.582Z",
          "user":1,
          "content_type":13,
          "object_id":"14",
          "object_repr":"The Marie sweat",
          "action_flag":2,
          "change_message":"[{\"changed\": {\"fields\": [\"Product description\"]}}]"
       }
    },
    {
       "model":"admin.logentry",
       "pk":66,
       "fields":{
          "action_time":"2022-10-08T22:18:44.276Z",
          "user":1,
          "content_type":13,
          "object_id":"16",
          "object_repr":"Yoga jogger",
          "action_flag":2,
          "change_message":"[{\"changed\": {\"fields\": [\"Product description\"]}}]"
       }
    },
    {
       "model":"admin.logentry",
       "pk":67,
       "fields":{
          "action_time":"2022-10-08T22:21:06.545Z",
          "user":1,
          "content_type":13,
          "object_id":"17",
          "object_repr":"Yoga crop top",
          "action_flag":2,
          "change_message":"[{\"changed\": {\"fields\": [\"Product description\"]}}]"
       }
    },
    {
       "model":"admin.logentry",
       "pk":68,
       "fields":{
          "action_time":"2022-10-08T22:22:33.942Z",
          "user":1,
          "content_type":13,
          "object_id":"18",
          "object_repr":"Olive tank top",
          "action_flag":2,
          "change_message":"[{\"changed\": {\"fields\": [\"Product description\"]}}]"
       }
    },
    {
       "model":"admin.logentry",
       "pk":69,
       "fields":{
          "action_time":"2022-10-08T22:23:24.781Z",
          "user":1,
          "content_type":13,
          "object_id":"19",
          "object_repr":"Olive legging",
          "action_flag":2,
          "change_message":"[{\"changed\": {\"fields\": [\"Product description\"]}}]"
       }
    },
    {
       "model":"admin.logentry",
       "pk":70,
       "fields":{
          "action_time":"2022-10-08T22:24:15.281Z",
          "user":1,
          "content_type":13,
          "object_id":"20",
          "object_repr":"Coral tank top",
          "action_flag":2,
          "change_message":"[{\"changed\": {\"fields\": [\"Product description\"]}}]"
       }
    },
    {
       "model":"admin.logentry",
       "pk":71,
       "fields":{
          "action_time":"2022-10-08T22:25:04.538Z",
          "user":1,
          "content_type":13,
          "object_id":"21",
          "object_repr":"Mint legging",
          "action_flag":2,
          "change_message":"[{\"changed\": {\"fields\": [\"Product description\"]}}]"
       }
    },
    {
       "model":"admin.logentry",
       "pk":72,
       "fields":{
          "action_time":"2022-10-08T22:26:06.941Z",
          "user":1,
          "content_type":13,
          "object_id":"22",
          "object_repr":"Grey Sports Bra",
          "action_flag":2,
          "change_message":"[{\"changed\": {\"fields\": [\"Product description\"]}}]"
       }
    },
    {
       "model":"admin.logentry",
       "pk":73,
       "fields":{
          "action_time":"2022-10-08T22:28:41.334Z",
          "user":1,
          "content_type":13,
          "object_id":"23",
          "object_repr":"Grey 7/8 legging",
          "action_flag":2,
          "change_message":"[{\"changed\": {\"fields\": [\"Product description\"]}}]"
       }
    },
    {
       "model":"admin.logentry",
       "pk":74,
       "fields":{
          "action_time":"2022-10-08T22:32:17.919Z",
          "user":1,
          "content_type":13,
          "object_id":"25",
          "object_repr":"Violet Co-ord",
          "action_flag":2,
          "change_message":"[{\"changed\": {\"fields\": [\"Product description\"]}}]"
       }
    },
    {
       "model":"admin.logentry",
       "pk":75,
       "fields":{
          "action_time":"2022-10-08T22:33:40.582Z",
          "user":1,
          "content_type":13,
          "object_id":"24",
          "object_repr":"The Michelle Co-ord",
          "action_flag":2,
          "change_message":"[{\"changed\": {\"fields\": [\"Product description\"]}}]"
       }
    },
    {
       "model":"admin.logentry",
       "pk":76,
       "fields":{
          "action_time":"2022-10-08T22:35:46.652Z",
          "user":1,
          "content_type":13,
          "object_id":"15",
          "object_repr":"Renu Workout Bundle",
          "action_flag":2,
          "change_message":"[{\"changed\": {\"fields\": [\"Name\", \"Product description\"]}}]"
       }
    },
    {
       "model":"admin.logentry",
       "pk":77,
       "fields":{
          "action_time":"2022-10-23T21:39:37.164Z",
          "user":1,
          "content_type":14,
          "object_id":"1",
          "object_repr":"sale",
          "action_flag":2,
          "change_message":"[{\"changed\": {\"fields\": [\"Name\", \"Category name\"]}}]"
       }
    },
    {
       "model":"admin.logentry",
       "pk":78,
       "fields":{
          "action_time":"2022-10-23T21:40:59.055Z",
          "user":1,
          "content_type":13,
          "object_id":"22",
          "object_repr":"Grey Sports Bra",
          "action_flag":2,
          "change_message":"[{\"changed\": {\"fields\": [\"Category\"]}}]"
       }
    },
    {
       "model":"admin.logentry",
       "pk":79,
       "fields":{
          "action_time":"2022-10-23T21:41:10.569Z",
          "user":1,
          "content_type":13,
          "object_id":"23",
          "object_repr":"Grey 7/8 legging",
          "action_flag":2,
          "change_message":"[{\"changed\": {\"fields\": [\"Category\"]}}]"
       }
    },
    {
       "model":"admin.logentry",
       "pk":80,
       "fields":{
          "action_time":"2022-10-23T21:41:18.094Z",
          "user":1,
          "content_type":13,
          "object_id":"20",
          "object_repr":"Coral tank top",
          "action_flag":2,
          "change_message":"[{\"changed\": {\"fields\": [\"Category\"]}}]"
       }
    },
    {
       "model":"admin.logentry",
       "pk":81,
       "fields":{
          "action_time":"2022-10-23T21:42:15.237Z",
          "user":1,
          "content_type":13,
          "object_id":"25",
          "object_repr":"Violet Co-ord",
          "action_flag":2,
          "change_message":"[{\"changed\": {\"fields\": [\"Category\"]}}]"
       }
    },
    {
       "model":"admin.logentry",
       "pk":82,
       "fields":{
          "action_time":"2022-10-25T23:09:04.448Z",
          "user":1,
          "content_type":13,
          "object_id":"28",
          "object_repr":"marnie",
          "action_flag":3,
          "change_message":""
       }
    },
    {
       "model":"admin.logentry",
       "pk":83,
       "fields":{
          "action_time":"2022-10-25T23:09:04.450Z",
          "user":1,
          "content_type":13,
          "object_id":"27",
          "object_repr":"marnie",
          "action_flag":3,
          "change_message":""
       }
    },
    {
       "model":"admin.logentry",
       "pk":84,
       "fields":{
          "action_time":"2022-10-25T23:09:04.451Z",
          "user":1,
          "content_type":13,
          "object_id":"26",
          "object_repr":"marnie",
          "action_flag":3,
          "change_message":""
       }
    },
    {
       "model":"admin.logentry",
       "pk":85,
       "fields":{
          "action_time":"2022-10-26T19:16:46.776Z",
          "user":1,
          "content_type":13,
          "object_id":"29",
          "object_repr":"ll",
          "action_flag":1,
          "change_message":"[{\"added\": {}}]"
       }
    },
    {
       "model":"admin.logentry",
       "pk":86,
       "fields":{
          "action_time":"2022-10-26T19:17:13.276Z",
          "user":1,
          "content_type":13,
          "object_id":"29",
          "object_repr":"ll",
          "action_flag":2,
          "change_message":"[{\"changed\": {\"fields\": [\"Image\"]}}]"
       }
    },
    {
       "model":"admin.logentry",
       "pk":87,
       "fields":{
          "action_time":"2022-10-26T19:20:22.934Z",
          "user":1,
          "content_type":13,
          "object_id":"30",
          "object_repr":"k",
          "action_flag":1,
          "change_message":"[{\"added\": {}}]"
       }
    },
    {
       "model":"admin.logentry",
       "pk":88,
       "fields":{
          "action_time":"2022-10-26T19:42:54.029Z",
          "user":1,
          "content_type":13,
          "object_id":"32",
          "object_repr":"s",
          "action_flag":3,
          "change_message":""
       }
    },
    {
       "model":"admin.logentry",
       "pk":89,
       "fields":{
          "action_time":"2022-10-26T19:42:54.032Z",
          "user":1,
          "content_type":13,
          "object_id":"31",
          "object_repr":"s",
          "action_flag":3,
          "change_message":""
       }
    },
    {
       "model":"admin.logentry",
       "pk":90,
       "fields":{
          "action_time":"2022-10-26T22:44:11.187Z",
          "user":1,
          "content_type":13,
          "object_id":"34",
          "object_repr":"Sarah O'Brien",
          "action_flag":3,
          "change_message":""
       }
    },
    {
       "model":"admin.logentry",
       "pk":91,
       "fields":{
          "action_time":"2022-10-26T22:44:11.189Z",
          "user":1,
          "content_type":13,
          "object_id":"33",
          "object_repr":"s",
          "action_flag":3,
          "change_message":""
       }
    },
    {
       "model":"admin.logentry",
       "pk":92,
       "fields":{
          "action_time":"2022-11-01T00:07:24.283Z",
          "user":1,
          "content_type":13,
          "object_id":"25",
          "object_repr":"The Emma Co-ord",
          "action_flag":2,
          "change_message":"[{\"changed\": {\"fields\": [\"Category\"]}}]"
       }
    },
    {
       "model":"admin.logentry",
       "pk":93,
       "fields":{
          "action_time":"2022-11-02T20:51:18.780Z",
          "user":1,
          "content_type":15,
          "object_id":"49",
          "object_repr":"337EA1B030B24194AEDAAEB132326160",
          "action_flag":2,
          "change_message":"[{\"changed\": {\"fields\": [\"Profile\"]}}]"
       }
    },
    {
       "model":"admin.logentry",
       "pk":94,
       "fields":{
          "action_time":"2022-11-02T22:13:18.602Z",
          "user":1,
          "content_type":15,
          "object_id":"46",
          "object_repr":"0176CA687E3C4A1B99534664B1197895",
          "action_flag":2,
          "change_message":"[{\"changed\": {\"fields\": [\"Profile\"]}}]"
       }
    },
    {
       "model":"admin.logentry",
       "pk":95,
       "fields":{
          "action_time":"2022-11-03T19:44:20.174Z",
          "user":1,
          "content_type":13,
          "object_id":"20",
          "object_repr":"hannah tank top",
          "action_flag":2,
          "change_message":"[{\"changed\": {\"fields\": [\"Image\"]}}]"
       }
    },
    {
       "model":"admin.logentry",
       "pk":96,
       "fields":{
          "action_time":"2022-11-03T19:44:58.275Z",
          "user":1,
          "content_type":13,
          "object_id":"21",
          "object_repr":"The Alice legging",
          "action_flag":2,
          "change_message":"[{\"changed\": {\"fields\": [\"Name\"]}}]"
       }
    },
    {
       "model":"admin.logentry",
       "pk":97,
       "fields":{
          "action_time":"2022-11-03T19:45:47.729Z",
          "user":1,
          "content_type":13,
          "object_id":"7",
          "object_repr":"The Rachel Sports Bra",
          "action_flag":2,
          "change_message":"[{\"changed\": {\"fields\": [\"Image\"]}}]"
       }
    },
    {
       "model":"admin.logentry",
       "pk":98,
       "fields":{
          "action_time":"2022-11-03T19:46:08.021Z",
          "user":1,
          "content_type":13,
          "object_id":"19",
          "object_repr":"The Tia legging",
          "action_flag":2,
          "change_message":"[{\"changed\": {\"fields\": [\"Name\"]}}]"
       }
    },
    {
       "model":"admin.logentry",
       "pk":99,
       "fields":{
          "action_time":"2022-11-03T19:46:36.806Z",
          "user":1,
          "content_type":13,
          "object_id":"11",
          "object_repr":"Renu Exercise Ball",
          "action_flag":2,
          "change_message":"[{\"changed\": {\"fields\": [\"Image\"]}}]"
       }
    },
    {
       "model":"admin.logentry",
       "pk":100,
       "fields":{
          "action_time":"2022-11-03T20:07:27.965Z",
          "user":1,
          "content_type":13,
          "object_id":"24",
          "object_repr":"The Michelle Co-ord",
          "action_flag":2,
          "change_message":"[{\"changed\": {\"fields\": [\"Image\"]}}]"
       }
    },
    {
       "model":"admin.logentry",
       "pk":101,
       "fields":{
          "action_time":"2022-11-03T20:08:23.301Z",
          "user":1,
          "content_type":13,
          "object_id":"15",
          "object_repr":"Renu Workout Bundle",
          "action_flag":2,
          "change_message":"[{\"changed\": {\"fields\": [\"Product description\", \"Image\"]}}]"
       }
    },
    {
       "model":"admin.logentry",
       "pk":102,
       "fields":{
          "action_time":"2022-11-03T20:08:42.003Z",
          "user":1,
          "content_type":13,
          "object_id":"1",
          "object_repr":"The Lucy Legging",
          "action_flag":2,
          "change_message":"[{\"changed\": {\"fields\": [\"Image\"]}}]"
       }
    },
    {
       "model":"admin.logentry",
       "pk":103,
       "fields":{
          "action_time":"2022-11-03T20:09:13.267Z",
          "user":1,
          "content_type":13,
          "object_id":"10",
          "object_repr":"The Lily Short",
          "action_flag":2,
          "change_message":"[{\"changed\": {\"fields\": [\"Image\"]}}]"
       }
    },
    {
       "model":"admin.logentry",
       "pk":104,
       "fields":{
          "action_time":"2022-11-03T20:09:40.108Z",
          "user":1,
          "content_type":13,
          "object_id":"13",
          "object_repr":"Renu Bands Bundle",
          "action_flag":2,
          "change_message":"[{\"changed\": {\"fields\": [\"Image\"]}}]"
       }
    },
    {
       "model":"admin.logentry",
       "pk":105,
       "fields":{
          "action_time":"2022-11-03T20:10:25.881Z",
          "user":1,
          "content_type":13,
          "object_id":"21",
          "object_repr":"The Alice legging",
          "action_flag":2,
          "change_message":"[{\"changed\": {\"fields\": [\"Image\"]}}]"
       }
    },
    {
       "model":"admin.logentry",
       "pk":106,
       "fields":{
          "action_time":"2022-11-03T20:17:03.080Z",
          "user":1,
          "content_type":13,
          "object_id":"17",
          "object_repr":"Marnie crop top",
          "action_flag":2,
          "change_message":"[{\"changed\": {\"fields\": [\"Image\"]}}]"
       }
    },
    {
       "model":"admin.logentry",
       "pk":107,
       "fields":{
          "action_time":"2022-11-03T20:19:44.845Z",
          "user":1,
          "content_type":13,
          "object_id":"17",
          "object_repr":"Marnie crop top",
          "action_flag":2,
          "change_message":"[{\"changed\": {\"fields\": [\"Image\"]}}]"
       }
    },
    {
       "model":"admin.logentry",
       "pk":108,
       "fields":{
          "action_time":"2022-11-03T20:20:03.756Z",
          "user":1,
          "content_type":13,
          "object_id":"16",
          "object_repr":"The Audrey jogger",
          "action_flag":2,
          "change_message":"[{\"changed\": {\"fields\": [\"Image\"]}}]"
       }
    },
    {
       "model":"admin.logentry",
       "pk":109,
       "fields":{
          "action_time":"2022-11-03T20:20:31.821Z",
          "user":1,
          "content_type":13,
          "object_id":"23",
          "object_repr":"Grey 7/8 legging",
          "action_flag":2,
          "change_message":"[{\"changed\": {\"fields\": [\"Image\"]}}]"
       }
    },
    {
       "model":"admin.logentry",
       "pk":110,
       "fields":{
          "action_time":"2022-11-03T20:20:59.555Z",
          "user":1,
          "content_type":13,
          "object_id":"19",
          "object_repr":"The Tia legging",
          "action_flag":2,
          "change_message":"[{\"changed\": {\"fields\": [\"Image\"]}}]"
       }
    },
    {
       "model":"admin.logentry",
       "pk":111,
       "fields":{
          "action_time":"2022-11-03T20:23:08.771Z",
          "user":1,
          "content_type":13,
          "object_id":"17",
          "object_repr":"Marnie crop top",
          "action_flag":2,
          "change_message":"[{\"changed\": {\"fields\": [\"Image\"]}}]"
       }
    },
    {
       "model":"auth.user",
       "pk":1,
       "fields":{
          "password":"pbkdf2_sha256$260000$iSv5TXhnGaqJL2PtNTiLlk$EGxyIgih5bVVomo8gNbEaEax2F9Aa/2w4YyvOmbFxoM=",
          "last_login":"2022-11-03T22:06:12.367Z",
          "is_superuser":true,
          "username":"superuser",
          "first_name":"",
          "last_name":"",
          "email":"sarahobrien15@gmail.com",
          "is_staff":true,
          "is_active":true,
          "date_joined":"2022-09-28T18:52:38.158Z",
          "groups":[
             
          ],
          "user_permissions":[
             
          ]
       }
    },
    {
       "model":"auth.user",
       "pk":2,
       "fields":{
          "password":"pbkdf2_sha256$260000$aqtN25KGdh8UTk62qa4h2a$uTBv53p8vQB01ZVknHtvs/XdPGhG7W/bZiOE0fHVtog=",
          "last_login":"2022-10-28T17:27:08.918Z",
          "is_superuser":false,
          "username":"test",
          "first_name":"",
          "last_name":"",
          "email":"test@test.com",
          "is_staff":false,
          "is_active":true,
          "date_joined":"2022-10-22T22:13:27.303Z",
          "groups":[
             
          ],
          "user_permissions":[
             
          ]
       }
    },
    {
       "model":"auth.user",
       "pk":3,
       "fields":{
          "password":"pbkdf2_sha256$260000$MGh9qh6wubIuyr7j5VC9lY$ail+0nwwzGAslpV6Pt+sX/fs3vATegyZYUIEgfUCt3g=",
          "last_login":"2022-10-25T20:58:04.809Z",
          "is_superuser":true,
          "username":"tutor",
          "first_name":"",
          "last_name":"",
          "email":"",
          "is_staff":true,
          "is_active":true,
          "date_joined":"2022-10-25T20:57:54.864Z",
          "groups":[
             
          ],
          "user_permissions":[
             
          ]
       }
    },
    {
       "model":"sessions.session",
       "pk":"55utvvzlapwuh806h2wengun3vo6mqis",
       "fields":{
          "session_data":".eJxVjDsOgzAQRO-ydWR512BsyvScAa3tNZBEIPGpEHcPSBTJlDNv3g4tb2vfbovM7ZCgBgOP3y5wfMt4DenFYzepOI3rPAR1IepeF9VMST7Pm_0T9Lz055soFxatQ7JnIovOnq0XtCEXJZZSojXGm4IyC0bPFSFVxsVktXaaTmngDuodHNR0HF_KrTo0:1oo9Mv:4YnVS-rLfkqCaethfYuXMCgCT9mz0ItByn77CJcrfZY",
          "expire_date":"2022-11-10T20:20:49.019Z"
       }
    },
    {
       "model":"sessions.session",
       "pk":"70d1u8pbqqo4zgu61ojxdtxgyiuxipmw",
       "fields":{
          "session_data":"e30:1omMVl:LHd9lEcFv4ivAhzLtvTlF3liFl0OJLfEujyMNuOMHQs",
          "expire_date":"2022-11-05T21:58:33.665Z"
       }
    },
    {
       "model":"sessions.session",
       "pk":"731hab15g2ehoupqdpamrenqxqpu8ksm",
       "fields":{
          "session_data":".eJxVjMEOwiAQBf-FsyHQBUp79O43EFi2FjXQlDbRGP9da3rQ65t582TOr8vo1kqzS5H1TLLD7xY8XilvIF58PheOJS9zCnxT-E4rP5VIt-Pu_gVGX8fPG5vGW6HIdANIgRGsRtIm2C5qYUNnJRmFBNBqDSYMANgqtBQltKTEN1qp1lSyo_uU5gfrxesNc-I-vQ:1ooD79:rwO4ouuiEsrD1ivPFZSvVHH_ZfLPNKNMndgv33oAQ9w",
          "expire_date":"2022-11-11T00:20:47.669Z"
       }
    },
    {
       "model":"sessions.session",
       "pk":"9k6wcu6osjfwxamt6qvmw0ls9yl54oja",
       "fields":{
          "session_data":".eJyrVkpKTFeyqlYyAhEFRfkppcklxfFJlfHFmVWpILGS1DwlK8PaWh0lQ3PCakxxKilPzSlLhZkEpgFKCSoa:1omM0E:UCNKXbg5Pf6Mw80gclKObfQlveqksgKksuaA11r6LrI",
          "expire_date":"2022-11-05T21:25:58.487Z"
       }
    },
    {
       "model":"sessions.session",
       "pk":"a1nqcvi2jbvq8y8luds0ywr46nywwiza",
       "fields":{
          "session_data":"eyJiYWciOnsiMiI6eyJwcm9kdWN0c19ieV9zaXplIjp7IjEwIjoxfX19fQ:1ooSGt:e-VNpNvHdRS0A2Z4WXGEFGWLQqTBsWkPFK6-5r29Pnc",
          "expire_date":"2022-11-11T16:31:51.646Z"
       }
    },
    {
       "model":"sessions.session",
       "pk":"acxx9819fvpjj6e3pz9vok8tn0fbsruw",
       "fields":{
          "session_data":".eJxVjDEOgzAQBP9yNUKczwbjMn3egM72EUgQSBjSIP4eiCiSaqTd2d2g4XXpmjXJ3PQRHCBkv5nn8JLxLOKTx8eUh2lc5t7np5JfbcrvU5Thdrl_Bx2n7lgHpdgWWsq6JSxCJGuCmNLbOprC-tqilDoIUWUMlb4lCpUOViJSJbo4TxO_pYmycD8kcC0PSTLw_AC3ASI4pAzUyQyw-kKBOzK04NQBcHrfP7tQSR0:1omHgN:Y0cu-utuBCY2-KUe17MYsupmFsEEnh4ypL2wwHAVrFI",
          "expire_date":"2022-11-05T16:49:11.424Z"
       }
    },
    {
       "model":"sessions.session",
       "pk":"ati40mma121tnrpo30s7o3688dfy41ek",
       "fields":{
          "session_data":".eJxVkL1uwzAMhN-Fs2CIoijLGrv3GQz9JXZryEhsD0Xgd6-EJkU78Xh3_AY-YPTHPo3Hlu_jnMABgvjrBR8_c2lB-vDlunZxLft9Dl2rdM90697XlJe3Z_cfYPLbVK-jUt5Knc1wIZQxkeWY2QQ7JJY2DBaz0TET9cxkwoUo9jranJD6rGWDBn8F9wAFTrEUgBYcCVAMrhzLIuBX2JfQL4E9uKF2JTg0dVYGcrV12ysEuZFvhy_7vH9VU8DPMxjO8_wGRyVVpw:1oiive:kDUrxdYt5MziPbj8936A46Zq6qlUCYs83BgS4be8gm4",
          "expire_date":"2022-10-26T21:06:14.657Z"
       }
    },
    {
       "model":"sessions.session",
       "pk":"c7t8cj1odirepvaj4idiwy80v2sag8nu",
       "fields":{
          "session_data":"e30:1omMcV:e_KxMrms9QKVkHcGcpmgTnm3YktQpW6XZog_AXORH88",
          "expire_date":"2022-11-05T22:05:31.349Z"
       }
    },
    {
       "model":"sessions.session",
       "pk":"ijmfmt2trp42quf083jjh94y1gdhnxaj",
       "fields":{
          "session_data":"eyJzYXZlX2RldGFpbHMiOmZhbHNlfQ:1oqJQZ:C7C3ysCoLQcbVVXdRuE_vCUozN5fpkKXWLfbAKk56yE",
          "expire_date":"2022-11-16T19:29:31.805Z"
       }
    },
    {
       "model":"sessions.session",
       "pk":"l4iax97e7obakb9lt3xavuymhzxtduly",
       "fields":{
          "session_data":"eyJzYXZlX2RldGFpbHMiOmZhbHNlLCJiYWciOnsiMTgiOjEsIjEiOjIsIjQiOjF9fQ:1omasV:eC6TMogEOeNMB9VDIkenEAavV2ISXZVPDafF8485qiI",
          "expire_date":"2022-11-06T13:18:59.187Z"
       }
    },
    {
       "model":"sessions.session",
       "pk":"ncjcz8oxnqncthh6tnd13rrbh7tpurjt",
       "fields":{
          "session_data":"e30:1omMEb:VPINwNGzXdBJjGGo1Gy2_9sSsS1cw2qBgu6th0IaXfw",
          "expire_date":"2022-11-05T21:40:49.436Z"
       }
    },
    {
       "model":"sessions.session",
       "pk":"s3djz1dyv3mrw61g1l81isrz46vjyfkg",
       "fields":{
          "session_data":".eJxVjEEOgyAURO_y18aAgKLL7nsGAp-v0jZiRJNa07tXGxftLGYxb2Y2MHaZe7Mkmkzw0ACH7DdzFu80HMDf7NDFHOMwT8HlRyU_acqv0dPjcnb_Dnqb-n2NRWE1k1TWreAMvdAKSZVO114x7WrNqZRIQlRKidK1QmAlUZPnoiLJvqeJUgpxMPQcw7RCwzJwtoNmg-KwcYp-wTkZt5oUXnRknEHD37s-1wBMfw:1on30B:oj3t0e8NPVwJbA4BY_DOrUz8IJBMd16yOsETQvF8uuA",
          "expire_date":"2022-11-07T19:20:47.228Z"
       }
    },
    {
       "model":"sessions.session",
       "pk":"t9sl3sqg5q7flrcu7jnzfk9o58w2ta7q",
       "fields":{
          "session_data":"e30:1oqiLv:WUBVii3bgCTFvc6kKZL7F6VtYwJGZL1F0I2zCRUxHJk",
          "expire_date":"2022-11-17T22:06:23.726Z"
       }
    },
    {
       "model":"sessions.session",
       "pk":"tjqsscoxhiaos7as4zdsylyn2mhg7i1s",
       "fields":{
          "session_data":"eyJiYWciOnsiMiI6eyJwcm9kdWN0c19ieV9zaXplIjp7IjEwIjoxfX19fQ:1ooUPY:BJMPNMlSq8SpI-npY3q4eBQ5tgWu_cx_CezsMwGl4kY",
          "expire_date":"2022-11-11T18:48:56.755Z"
       }
    },
    {
       "model":"sessions.session",
       "pk":"tx455wftaz4rn2rtzr9rca8ttzyodefj",
       "fields":{
          "session_data":".eJxVjDsOwjAQBe_iGll21l9Kes5g2bsbHECOFCcV4u4QKQW0b2beS6S8rTVtnZc0kTgLLU6_W8n44LYDuud2myXObV2mIndFHrTL60z8vBzu30HNvX5rHIYclGEXR9AKCYJFtq6ESFaFEoNmZ5ABvLXgygiA3mBg0uDZKBLvD9OMN4A:1ofpDW:feawvd2HDffnoK_QJaAAvHjLvrlQSDWuVFxuVYtjRF0",
          "expire_date":"2022-10-18T21:12:42.884Z"
       }
    },
    {
       "model":"sessions.session",
       "pk":"v1ei1vz2lagbvlgordl1qhjzowu0agvf",
       "fields":{
          "session_data":"eyJiYWciOnsiMTgiOnsicHJvZHVjdHNfYnlfc2l6ZSI6eyIxMCI6MX19fX0:1ooQJO:VVgVX2tIKAqSFQvqX_S1PfzXgO66YESpP0WLEoaUCYc",
          "expire_date":"2022-11-11T14:26:18.117Z"
       }
    },
    {
       "model":"sessions.session",
       "pk":"vntv9ob2fe7cyaqwu56tu0okaytoqufi",
       "fields":{
          "session_data":"eyJiYWciOnsiMSI6Mn19:1olF9A:Xo99iwPp10VD5cbQ1cQh_bYcUVPcXEd8MnbVPW-bfgg",
          "expire_date":"2022-11-02T19:54:36.672Z"
       }
    },
    {
       "model":"sessions.session",
       "pk":"wyd8020eu31bc8ae3exqg73ov2paegc4",
       "fields":{
          "session_data":"eyJiYWciOnt9fQ:1oo9jx:p933qYtg28DwX8L8aw1fG_ZtSefN8Uz6t5Y8xGxGgUE",
          "expire_date":"2022-11-10T20:44:37.740Z"
       }
    },
    {
       "model":"sessions.session",
       "pk":"xx12eipug0xervpjkn52qnsyq2pngvks",
       "fields":{
          "session_data":".eJxVjMsOgyAQRf9l1g0BBxBZdt9vIAOMj9ZoItqN8d9bEzdu7zn37FDoyyHzSsNYwLc0Fn5AoG3tw1Z4CUMGDwpuW6T04ekE-U1TN4s0T-syRHEq4qJFvObM4_Nyb4GeSv9_p6oiJzXbpkUlU0ZnEhsbXZONdLFxiq1OjFgbgza2iKnWyXFWWLOWZzRSB36HSoNXx_EDGLlDCg:1olcm2:bgOcuLAXsroE0Ows8Kf7g-Ry8wDNRStyH12Sf3kRN_I",
          "expire_date":"2022-11-03T21:08:18.510Z"
       }
    },
    {
       "model":"sites.site",
       "pk":1,
       "fields":{
          "domain":"renuapparel.example.com",
          "name":"RE-NU Apparel"
       }
    },
    {
       "model":"account.emailaddress",
       "pk":1,
       "fields":{
          "user":1,
          "email":"sarahobrien15@gmail.com",
          "verified":true,
          "primary":true
       }
    },
    {
       "model":"account.emailaddress",
       "pk":2,
       "fields":{
          "user":2,
          "email":"test@test.com",
          "verified":true,
          "primary":true
       }
    },
    {
       "model":"products.category",
       "pk":1,
       "fields":{
          "name":"sale",
          "category_name":"Sale"
       }
    },
    {
       "model":"products.category",
       "pk":2,
       "fields":{
          "name":"bottoms",
          "category_name":"Bottoms"
       }
    },
    {
       "model":"products.category",
       "pk":3,
       "fields":{
          "name":"sports_bras",
          "category_name":"Sports Bra"
       }
    },
    {
       "model":"products.category",
       "pk":4,
       "fields":{
          "name":"tops",
          "category_name":"Tops"
       }
    },
    {
       "model":"products.category",
       "pk":5,
       "fields":{
          "name":"accessories",
          "category_name":"Accessories"
       }
    },
    {
       "model":"products.category",
       "pk":6,
       "fields":{
          "name":"sweatshirts",
          "category_name":"Sweatshirts"
       }
    },
    {
       "model":"products.product",
       "pk":1,
       "fields":{
          "category":2,
          "name":"The Lucy Legging",
          "sku":"RB202201",
          "product_description":"Buttery-soft fabric,  100% squat-proof and a functional fit. Our Lucy legging is our bestseller. It the classic essential legging designed for all-day comfort. A wardrobe staple that can be used for a workout or just lounging.",
          "has_sizes":true,
          "rating":null,
          "price":"39.99",
          "image_url":null,
          "image":"legging.jpeg"
       }
    },
    {
       "model":"products.product",
       "pk":2,
       "fields":{
          "category":6,
          "name":"The Lauren Hoodie",
          "sku":"RS202202",
          "product_description":"Add the RENU Forest hoodie to your wardrobe for a cosy go-to. Featuring a super soft material with a front pocket and a drawstring hood. Take it to the gym or pair with jeans to dress it up.",
          "has_sizes":true,
          "rating":null,
          "price":"29.99",
          "image_url":null,
          "image":"hoody-green.jpeg"
       }
    },
    {
       "model":"products.product",
       "pk":4,
       "fields":{
          "category":5,
          "name":"The Hanton Waterbottle",
          "sku":"RA202204",
          "product_description":"Our Hanton Waterbottle has a sleek, high-shine finish. Its leak-proof design keeps contents hot for up to twelve hours and cold for up to twenty-four hours. A great option for when you're out and about, whether that means summer/winter gym sessions or for general use. \r\n\r\nAvailable in Orange, Pink and Turquoise.",
          "has_sizes":false,
          "rating":null,
          "price":"19.99",
          "image_url":null,
          "image":"waterbottle.jpeg"
       }
    },
    {
       "model":"products.product",
       "pk":5,
       "fields":{
          "category":6,
          "name":"The Addie Sweatshirt",
          "sku":"RS202205",
          "product_description":"A simple hoodie can be your best friend in your wardrobe. The Addie Sweatshirt can be thrown over an outfit for a touch of practicality, styled to be your hero piece, or even just your go-to lounge item.  Versatile on every level, functional and crafted from soft-touch fabric for added comfort. \r\n\r\nSize up for an oversized fit.",
          "has_sizes":true,
          "rating":null,
          "price":"28.99",
          "image_url":null,
          "image":"sweatshirt1.jpeg"
       }
    },
    {
       "model":"products.product",
       "pk":6,
       "fields":{
          "category":2,
          "name":"Power Legging",
          "sku":"RB202206",
          "product_description":"Our Power legging is the perfect Multi-sport gym legging,  designed for every workout. Super stretchy fabric with flattering seams to sculpt the bum. They are sweat-wicking and quick-drying for all sports.\r\n\r\nModel wears size S and is 178cm/5'10\" tall.",
          "has_sizes":true,
          "rating":null,
          "price":"49.99",
          "image_url":null,
          "image":"blue-leggings.jpeg"
       }
    },
    {
       "model":"products.product",
       "pk":7,
       "fields":{
          "category":3,
          "name":"The Rachel Sports Bra",
          "sku":"RSB202207",
          "product_description":"Your training requires the right amount of support. Our Rachel Sports Bra is lightweight, breathable and features comfortable cups and supportive straps. Layer your look under a top or wear alone with your favourite leggings or shorts.\r\n\r\n- Model is 5'10\" and wears size S",
          "has_sizes":true,
          "rating":null,
          "price":"24.99",
          "image_url":null,
          "image":"sports-bra-new.jpeg"
       }
    },
    {
       "model":"products.product",
       "pk":8,
       "fields":{
          "category":3,
          "name":"The Juliette Sports Bra",
          "sku":"RSB202215",
          "product_description":"Seamless designs mean comfort and confidence from workout to time out. Our Juliette Sports Bra is Looser and more inclusive silhouettes mean more ways to wear and more wearers to wear it. Sweat-wicking tech mean youll be cool, dry and focused on the days youre moving more.",
          "has_sizes":true,
          "rating":null,
          "price":"29.99",
          "image_url":null,
          "image":"pink-sportsbra.jpeg"
       }
    },
    {
       "model":"products.product",
       "pk":9,
       "fields":{
          "category":3,
          "name":"The Evie Sports Bra",
          "sku":"RSB202208",
          "product_description":"Wide, comfy straps in a classic racerback design, the Evie Sports Bra feels snug and secure while you move. Smooth, lightweight fabric wicks sweat to keep you dry, comfortable and focused. For every rep, step and jump  know that youre supported.",
          "has_sizes":true,
          "rating":null,
          "price":"22.99",
          "image_url":null,
          "image":"navy-sportsbra.jpeg"
       }
    },
    {
       "model":"products.product",
       "pk":10,
       "fields":{
          "category":2,
          "name":"The Lily Short",
          "sku":"RB202209",
          "product_description":"Our Essential Lightweight Training Shorts are built for everyday performance.\r\n\r\nThe Lily Short is designed to be as unrestrictive as possible, they feature mesh pockets and a woven fabric for maximum mobility. The waistband is fitted with internal drawcords for a custom fit that you can be comfy in all day long.\r\n\r\n89% Polyester 11% Elastane",
          "has_sizes":true,
          "rating":null,
          "price":"21.99",
          "image_url":null,
          "image":"shorts.jpeg"
       }
    },
    {
       "model":"products.product",
       "pk":11,
       "fields":{
          "category":5,
          "name":"Renu Exercise Ball",
          "sku":"RA202210",
          "product_description":"Extremely useful for all kinds of sessions, exercise balls provide endless workouts. The RENU exercise ball is designed with strong vinyl which prevents slipping, this is an essential accessory. This balls arrives deflated, with an air pump provided.\r\n\r\nDiam: 65 cm. Weight: 150kgs. Inflated to 65cm",
          "has_sizes":false,
          "rating":null,
          "price":"14.99",
          "image_url":null,
          "image":"ball.edit.jpeg"
       }
    },
    {
       "model":"products.product",
       "pk":12,
       "fields":{
          "category":5,
          "name":"Renu Dumbells",
          "sku":"RA202211",
          "product_description":"Our set of RENU Dumbells come with 2x2.5kg and 2x5kg weights.\r\n\r\nThese dumbbells are perfect for performing high intensity upper and lower body circuits which include bicep curls, shoulder presses, rowing movements, lunges and goblet squats",
          "has_sizes":false,
          "rating":null,
          "price":"55.99",
          "image_url":null,
          "image":"dumbells1.jpeg"
       }
    },
    {
       "model":"products.product",
       "pk":13,
       "fields":{
          "category":5,
          "name":"Renu Bands Bundle",
          "sku":"RA202212",
          "product_description":"Take your workouts to the next level with our Renu bands Bundle, featuring our light, medium and heavyweight  bands.\r\n\r\nLight Blue- Light resistance: 25lb, length: 33cm\r\n\r\nYellow - Medium resistance: 38.5lb, length: 38cm\r\n\r\nGrey- Heavy resistance: 55lb, length: 43cm",
          "has_sizes":false,
          "rating":null,
          "price":"19.99",
          "image_url":null,
          "image":"bands_iHnzV9I.jpeg"
       }
    },
    {
       "model":"products.product",
       "pk":14,
       "fields":{
          "category":6,
          "name":"The Marie sweat",
          "sku":"RS202213",
          "product_description":"Our Marie Sweat features Ultra soft, mid weight cotton blend fleece with brushed interior for extra warmth, Crossover hood with drawcord adjust.\r\n\r\nWash garment inside out, Machine wash cold with like colors and Use only non chlorine bleach when needed.",
          "has_sizes":true,
          "rating":null,
          "price":"29.99",
          "image_url":null,
          "image":"blue-jumper.jpeg"
       }
    },
    {
       "model":"products.product",
       "pk":15,
       "fields":{
          "category":5,
          "name":"Renu Workout Bundle",
          "sku":"RA202214",
          "product_description":"The RENU workout bundle includes:\r\n\r\nAn Exercise mat\r\nA sweat towel\r\n2 x 2.5kg dumbells\r\n1 x Exercise ball\r\n\r\nCurrently only available in candy pink.\r\nTeal coming soon!",
          "has_sizes":false,
          "rating":null,
          "price":"64.99",
          "image_url":null,
          "image":"bundle.jpeg"
       }
    },
    {
       "model":"products.product",
       "pk":16,
       "fields":{
          "category":2,
          "name":"The Audrey jogger",
          "sku":"RB202216",
          "product_description":"Our Yoga Jogger is soft to touch, slim fitting and designed with yoga & pilates in mind. Both lightweight and breathable with added stretch for unrestricted movement, you can't go wrong. \r\n\r\nAvailable in candy pink.",
          "has_sizes":true,
          "rating":null,
          "price":"29.99",
          "image_url":null,
          "image":"pink-yoga_lq8kxGu.jpeg"
       }
    },
    {
       "model":"products.product",
       "pk":17,
       "fields":{
          "category":4,
          "name":"Marnie crop top",
          "sku":"RT202217",
          "product_description":"SOFT, COMFORTABLE COVERAGE. The Yoga Crop Top adds sweat-wicking technology to soft, breathable fabric for lasting comfort. Its open neckline and side hem vents let you move freely from your first pose to your last.  Soft Feel: Lightweight, breathable fabric feels incredibly soft against your skin.\r\n\r\nPerfect for Yoga and Pilates.",
          "has_sizes":true,
          "rating":null,
          "price":"19.99",
          "image_url":null,
          "image":"yoga-new.jpeg"
       }
    },
    {
       "model":"products.product",
       "pk":18,
       "fields":{
          "category":4,
          "name":"The Tara tank top",
          "sku":"RT202218",
          "product_description":"The Tara Tank is designed for all the ways you work outfrom yoga to HIIT to long runs. This top defines luxury with buttery-soft and smooth fabric that breathes to keep you dry and cool.",
          "has_sizes":true,
          "rating":null,
          "price":"15.99",
          "image_url":null,
          "image":"green-coord.jpeg"
       }
    },
    {
       "model":"products.product",
       "pk":19,
       "fields":{
          "category":2,
          "name":"The Tia legging",
          "sku":"RB202219",
          "product_description":"Our Olive legging will work to keep you dry and comfortable while you push through the intensity of your toughest workouts. Soft, stretchy fabric hugs your body for gentle yet durable support. \r\n\r\nThis product is made from at least 50% recycled polyester fibres.",
          "has_sizes":true,
          "rating":null,
          "price":"26.99",
          "image_url":null,
          "image":"olive.jpeg"
       }
    },
    {
       "model":"products.product",
       "pk":20,
       "fields":{
          "category":4,
          "name":"hannah tank top",
          "sku":"RT202220",
          "product_description":"Our Coral Tank ticks all the boxes. Soft, lightweight fabric (with plenty of stretch) wicks sweat and dries fast. It's also incredibly breathable with hits of mesh blended into a smooth and virtually seamless design. Feel confident knowing you can take on any workout in comfort. \r\n\r\nThis product is made with at least 75% recycled nylon fibres.",
          "has_sizes":true,
          "rating":null,
          "price":"15.99",
          "image_url":null,
          "image":"coral-top.jpeg"
       }
    },
    {
       "model":"products.product",
       "pk":21,
       "fields":{
          "category":2,
          "name":"The Alice legging",
          "sku":"RT202221",
          "product_description":"Our Essential Mint leggings are made with cotton-rich, soft-touch fabric for easy, everyday wear. For additional comfort, we've designed these with a high-waisted wide waistband for a flattering fit that offers support.\r\n\r\nThe Essentials range is designed with the day-to-day in mind, whether you're training or taking time off.\r\n\r\nFabric: 95% Cotton 5% Elastane\r\n\r\nModel is 5'9 and wears size L",
          "has_sizes":true,
          "rating":null,
          "price":"18.99",
          "image_url":null,
          "image":"mint.jpeg"
       }
    },
    {
       "model":"products.product",
       "pk":22,
       "fields":{
          "category":3,
          "name":"The LEO Sports Bra",
          "sku":"RSB202222",
          "product_description":"Stay supported in the Power Mesh Grey Sports Bra, with removable cups and a breathable mesh back, youll be fit to fly through any workout.\r\n\r\n88% nylon 12% elastane",
          "has_sizes":true,
          "rating":null,
          "price":"19.99",
          "image_url":null,
          "image":"grey-coord.jpeg"
       }
    },
    {
       "model":"products.product",
       "pk":23,
       "fields":{
          "category":2,
          "name":"Grey 7/8 legging",
          "sku":"RB202223",
          "product_description":"7/8 leggings initially designed for fitness, that are perfect for everyday life.\r\nA morning toning workout; a work meeting; an active walk between noon and 2; a quick stop at the shop to top up the fridge; time at home with the family or out with friends: our Grey 7/8 legging are perfect for all.",
          "has_sizes":true,
          "rating":null,
          "price":"19.99",
          "image_url":null,
          "image":"grey_top.jpeg"
       }
    },
    {
       "model":"products.product",
       "pk":24,
       "fields":{
          "category":4,
          "name":"The Michelle Co-ord",
          "sku":"RT202224",
          "product_description":"Our Michelle Sports Bra and Legging Co-ord gives us workout chic. Exercise in style or relax in style. \r\n\r\nThis RENU bundle is for a limited time only.",
          "has_sizes":true,
          "rating":null,
          "price":"45.99",
          "image_url":null,
          "image":"co-ord.jpeg"
       }
    },
    {
       "model":"products.product",
       "pk":25,
       "fields":{
          "category":4,
          "name":"The Emma Co-ord",
          "sku":"RT202225",
          "product_description":"A perfect combo for every workout. The Violet Co-Ord is the ideal gym outfit. Workout in style or add a sweatshirt for more of a lounge style.",
          "has_sizes":true,
          "rating":null,
          "price":"59.99",
          "image_url":null,
          "image":"purple-coord.jpeg"
       }
    },
    {
       "model":"products.product_review",
       "pk":9,
       "fields":{
          "user":1,
          "product":18,
          "title":":)",
          "review":"love",
          "rating":5,
          "date":"2022-10-25T17:17:03.576Z"
       }
    },
    {
       "model":"products.product_review",
       "pk":18,
       "fields":{
          "user":1,
          "product":21,
          "title":"love",
          "review":"love",
          "rating":1,
          "date":"2022-10-25T19:49:15.406Z"
       }
    },
    {
       "model":"products.product_review",
       "pk":24,
       "fields":{
          "user":1,
          "product":4,
          "title":"love",
          "review":"love",
          "rating":1,
          "date":"2022-10-25T20:25:09.681Z"
       }
    },
    {
       "model":"products.product_review",
       "pk":25,
       "fields":{
          "user":1,
          "product":4,
          "title":"love",
          "review":"love",
          "rating":1,
          "date":"2022-10-25T20:25:25.773Z"
       }
    },
    {
       "model":"products.product_review",
       "pk":37,
       "fields":{
          "user":1,
          "product":6,
          "title":"update",
          "review":"update",
          "rating":5,
          "date":"2022-10-25T20:43:40.439Z"
       }
    },
    {
       "model":"products.product_review",
       "pk":38,
       "fields":{
          "user":3,
          "product":1,
          "title":"What can I say, they're leggings",
          "review":"Most leggy",
          "rating":5,
          "date":"2022-10-25T20:58:26.531Z"
       }
    },
    {
       "model":"products.product_review",
       "pk":39,
       "fields":{
          "user":1,
          "product":5,
          "title":"love",
          "review":"Gorgeous material",
          "rating":5,
          "date":"2022-10-28T00:02:17.488Z"
       }
    },
    {
       "model":"checkout.checkout",
       "pk":1,
       "fields":{
          "profile":null,
          "order_number":"8423E6ED24BB490EB1A7F551B5AD7633",
          "date":"2022-10-19T21:42:28.370Z",
          "name":"sarah obrien",
          "email":"sarahobrien15@gmail.com",
          "phone":872118485,
          "address_line_1":"8 Silverberry",
          "address_line_2":"Finnstown Abbey",
          "town":"Lucan",
          "city":"Lucan",
          "country":"IE",
          "postcode":"CODUBLIN",
          "delivery":"0.00",
          "total":"0.00",
          "grand_total":"0.00"
       }
    },
    {
       "model":"checkout.checkout",
       "pk":2,
       "fields":{
          "profile":null,
          "order_number":"26050CD67DDE4D5AA86C0ABFEAF5BABB",
          "date":"2022-10-19T21:42:54.239Z",
          "name":"sarah obrien",
          "email":"sarahobrien15@gmail.com",
          "phone":872118485,
          "address_line_1":"8 Silverberry",
          "address_line_2":"Finnstown Abbey",
          "town":"Lucan",
          "city":"Lucan",
          "country":"IE",
          "postcode":"CODUBLIN",
          "delivery":"0.00",
          "total":"0.00",
          "grand_total":"0.00"
       }
    },
    {
       "model":"checkout.checkout",
       "pk":3,
       "fields":{
          "profile":null,
          "order_number":"117B2E6996AB46A7935609B5C3639CD4",
          "date":"2022-10-19T21:50:50.378Z",
          "name":"sarah obrien",
          "email":"sarahobrien15@gmail.com",
          "phone":872118485,
          "address_line_1":"8 Silverberry",
          "address_line_2":"Finnstown Abbey",
          "town":"Lucan",
          "city":"Lucan",
          "country":"IE",
          "postcode":"CODUBLIN",
          "delivery":"0.00",
          "total":"0.00",
          "grand_total":"0.00"
       }
    },
    {
       "model":"checkout.checkout",
       "pk":4,
       "fields":{
          "profile":null,
          "order_number":"380FF9175CAD46EE9EEEFFA6175D9F2E",
          "date":"2022-10-19T21:51:01.748Z",
          "name":"sarah obrien",
          "email":"sarahobrien15@gmail.com",
          "phone":872118485,
          "address_line_1":"8 Silverberry",
          "address_line_2":"Finnstown Abbey",
          "town":"Lucan",
          "city":"Lucan",
          "country":"IE",
          "postcode":"CODUBLIN",
          "delivery":"0.00",
          "total":"0.00",
          "grand_total":"0.00"
       }
    },
    {
       "model":"checkout.checkout",
       "pk":5,
       "fields":{
          "profile":null,
          "order_number":"D321055DEDF347468C730B3C3EBC95DA",
          "date":"2022-10-19T21:53:49.078Z",
          "name":"sarah obrien",
          "email":"sarahobrien15@gmail.com",
          "phone":872118485,
          "address_line_1":"8 Silverberry",
          "address_line_2":"Finnstown Abbey",
          "town":"Lucan",
          "city":"Lucan",
          "country":"IE",
          "postcode":"CODUBLIN",
          "delivery":"0.00",
          "total":"0.00",
          "grand_total":"0.00"
       }
    },
    {
       "model":"checkout.checkout",
       "pk":6,
       "fields":{
          "profile":null,
          "order_number":"60AEC0D57F1A42DA93EDA19AE0BAD1E5",
          "date":"2022-10-19T21:55:48.974Z",
          "name":"sarah obrien",
          "email":"sarahobrien15@gmail.com",
          "phone":872118485,
          "address_line_1":"8 Silverberry",
          "address_line_2":"Finnstown Abbey",
          "town":"Lucan",
          "city":"Lucan",
          "country":"IE",
          "postcode":"CODUBLIN",
          "delivery":"0.00",
          "total":"0.00",
          "grand_total":"0.00"
       }
    },
    {
       "model":"checkout.checkout",
       "pk":7,
       "fields":{
          "profile":null,
          "order_number":"6279EF0863AE417BBF24CC65BA2033B4",
          "date":"2022-10-19T21:56:49.845Z",
          "name":"sarah obrien",
          "email":"sarahobrien15@gmail.com",
          "phone":872118485,
          "address_line_1":"8 Silverberry",
          "address_line_2":"Finnstown Abbey",
          "town":"Lucan",
          "city":"Lucan",
          "country":"IE",
          "postcode":"CODUBLIN",
          "delivery":"0.00",
          "total":"0.00",
          "grand_total":"0.00"
       }
    },
    {
       "model":"checkout.checkout",
       "pk":8,
       "fields":{
          "profile":null,
          "order_number":"BD8B02D3F9A34AA5A4C6F8FAD6F606AB",
          "date":"2022-10-19T21:57:20.677Z",
          "name":"sarah obrien",
          "email":"sarahobrien15@gmail.com",
          "phone":872118485,
          "address_line_1":"8 Silverberry",
          "address_line_2":"Finnstown Abbey",
          "town":"Lucan",
          "city":"Lucan",
          "country":"IE",
          "postcode":"CODUBLIN",
          "delivery":"0.00",
          "total":"0.00",
          "grand_total":"0.00"
       }
    },
    {
       "model":"checkout.checkout",
       "pk":9,
       "fields":{
          "profile":null,
          "order_number":"B1E7E79FC6084E38840912251809E358",
          "date":"2022-10-19T22:11:51.802Z",
          "name":"sarah obrien",
          "email":"sarahobrien15@gmail.com",
          "phone":872118485,
          "address_line_1":"8 Silverberry",
          "address_line_2":"Finnstown Abbey",
          "town":"Lucan",
          "city":"Lucan",
          "country":"IE",
          "postcode":"CODUBLIN",
          "delivery":"0.00",
          "total":"0.00",
          "grand_total":"0.00"
       }
    },
    {
       "model":"checkout.checkout",
       "pk":10,
       "fields":{
          "profile":null,
          "order_number":"77A6FD526D3F463C8FE725F291A7CA09",
          "date":"2022-10-19T22:18:58.650Z",
          "name":"sarah obrien",
          "email":"sarahobrien15@gmail.com",
          "phone":872118485,
          "address_line_1":"8 Silverberry",
          "address_line_2":"Finnstown Abbey",
          "town":"Lucan",
          "city":"Lucan",
          "country":"IE",
          "postcode":"K78 RR63",
          "delivery":"0.00",
          "total":"0.00",
          "grand_total":"0.00"
       }
    },
    {
       "model":"checkout.checkout",
       "pk":11,
       "fields":{
          "profile":null,
          "order_number":"D4421B113B9F4D0BBB47A3150372F6E3",
          "date":"2022-10-20T17:49:00.510Z",
          "name":"sarah obrien",
          "email":"sarahobrien15@gmail.com",
          "phone":872118485,
          "address_line_1":"8 Silverberry",
          "address_line_2":"Finnstown Abbey",
          "town":"Lucan",
          "city":"Lucan",
          "country":"IE",
          "postcode":"K78 RR63",
          "delivery":"0.00",
          "total":"0.00",
          "grand_total":"0.00"
       }
    },
    {
       "model":"checkout.checkout",
       "pk":12,
       "fields":{
          "profile":null,
          "order_number":"7D79E054D32E44D7B0B8CF1A6DB88A5E",
          "date":"2022-10-21T18:28:27.544Z",
          "name":"sarah obrien",
          "email":"sarahobrien15@gmail.com",
          "phone":872118485,
          "address_line_1":"8 Silverberry",
          "address_line_2":"Finnstown Abbey",
          "town":"Lucan",
          "city":"Lucan",
          "country":"IE",
          "postcode":"CODUBLIN",
          "delivery":"0.00",
          "total":"0.00",
          "grand_total":"0.00"
       }
    },
    {
       "model":"checkout.checkout",
       "pk":13,
       "fields":{
          "profile":null,
          "order_number":"A5BCED22845548BCAAD4A82ABD80298A",
          "date":"2022-10-21T19:06:34.216Z",
          "name":"sarah obrien",
          "email":"sarahobrien15@gmail.com",
          "phone":872118485,
          "address_line_1":"8 Silverberry",
          "address_line_2":"Finnstown Abbey",
          "town":"Lucan",
          "city":"Lucan",
          "country":"IE",
          "postcode":"K78 RR63",
          "delivery":"0.00",
          "total":"0.00",
          "grand_total":"0.00"
       }
    },
    {
       "model":"checkout.checkout",
       "pk":14,
       "fields":{
          "profile":null,
          "order_number":"D1007FE5DFD445B397DEB10CEEC21D0C",
          "date":"2022-10-21T19:22:24.447Z",
          "name":"sarah obrien",
          "email":"sarahobrien15@gmail.com",
          "phone":872118485,
          "address_line_1":"8 Silverberry",
          "address_line_2":"Finnstown Abbey",
          "town":"Lucan",
          "city":"Lucan",
          "country":"IE",
          "postcode":"CODUBLIN",
          "delivery":"0.00",
          "total":"0.00",
          "grand_total":"0.00"
       }
    },
    {
       "model":"checkout.checkout",
       "pk":15,
       "fields":{
          "profile":null,
          "order_number":"E45D9DCEE0DC4A94929F4F66C5824A18",
          "date":"2022-10-21T19:29:16.190Z",
          "name":"sarah obrien",
          "email":"sarahobrien15@gmail.com",
          "phone":872118485,
          "address_line_1":"8 Silverberry",
          "address_line_2":"Finnstown Abbey",
          "town":"Lucan",
          "city":"Lucan",
          "country":"IE",
          "postcode":"K78 RR63",
          "delivery":"0.00",
          "total":"0.00",
          "grand_total":"0.00"
       }
    },
    {
       "model":"checkout.checkout",
       "pk":16,
       "fields":{
          "profile":null,
          "order_number":"961781495EE2480E8076C7203D806C33",
          "date":"2022-10-21T20:09:55.715Z",
          "name":"sarah obrien",
          "email":"sarahobrien15@gmail.com",
          "phone":872118485,
          "address_line_1":"8 Silverberry",
          "address_line_2":"Finnstown Abbey",
          "town":"Lucan",
          "city":"Lucan",
          "country":"IE",
          "postcode":"K78 RR63",
          "delivery":"0.00",
          "total":"0.00",
          "grand_total":"0.00"
       }
    },
    {
       "model":"checkout.checkout",
       "pk":17,
       "fields":{
          "profile":null,
          "order_number":"45ED516DD67A4518944CE5961E4E1E3F",
          "date":"2022-10-21T20:18:30.762Z",
          "name":"Sarah O'Brien",
          "email":"sarahobrien15@gmail.com",
          "phone":872118485,
          "address_line_1":"AP 28B 1452 1285542, AddressPal,",
          "address_line_2":"The Beacon, Mosquito Way",
          "town":"Hatfield",
          "city":"Hatfield",
          "country":"IE",
          "postcode":"AL10 9WN",
          "delivery":"0.00",
          "total":"0.00",
          "grand_total":"0.00"
       }
    },
    {
       "model":"checkout.checkout",
       "pk":18,
       "fields":{
          "profile":null,
          "order_number":"16776591ED6344BBA1DA3F0AF16BF28F",
          "date":"2022-10-22T10:03:49.074Z",
          "name":"Sarah O'Brien",
          "email":"sarahobrien15@gmail.com",
          "phone":872118485,
          "address_line_1":"AP 28B 1452 1285542, AddressPal,",
          "address_line_2":"The Beacon, Mosquito Way",
          "town":"Hatfield",
          "city":"Hatfield",
          "country":"IE",
          "postcode":"AL10 9WN",
          "delivery":"0.00",
          "total":"0.00",
          "grand_total":"0.00"
       }
    },
    {
       "model":"checkout.checkout",
       "pk":19,
       "fields":{
          "profile":null,
          "order_number":"D3AFA55ABB8F428A81792757B3384710",
          "date":"2022-10-22T10:43:34.803Z",
          "name":"sarah obrien",
          "email":"sarahobrien15@gmail.com",
          "phone":872118485,
          "address_line_1":"8 Silverberry",
          "address_line_2":"Finnstown Abbey",
          "town":"Lucan",
          "city":"Lucan",
          "country":"GB",
          "postcode":"CODUBLIN",
          "delivery":"0.00",
          "total":"0.00",
          "grand_total":"0.00"
       }
    },
    {
       "model":"checkout.checkout",
       "pk":20,
       "fields":{
          "profile":null,
          "order_number":"53E1EB7F8CE74BEC9CCB8B7E75DE3903",
          "date":"2022-10-22T11:51:03.203Z",
          "name":"Sarah O'Brien",
          "email":"sarahobrien15@gmail.com",
          "phone":872118485,
          "address_line_1":"AP 28B 1452 1285542, AddressPal,",
          "address_line_2":"The Beacon, Mosquito Way",
          "town":"Hatfield",
          "city":"Hatfield",
          "country":"IE",
          "postcode":"AL10 9WN",
          "delivery":"0.00",
          "total":"0.00",
          "grand_total":"0.00"
       }
    },
    {
       "model":"checkout.checkout",
       "pk":21,
       "fields":{
          "profile":null,
          "order_number":"2088A51C4F4F49CB92260C94284A12C7",
          "date":"2022-10-22T14:18:04.448Z",
          "name":"sarah obrien",
          "email":"sarahobrien15@gmail.com",
          "phone":872118485,
          "address_line_1":"8 Silverberry",
          "address_line_2":"Finnstown Abbey",
          "town":"Lucan",
          "city":"Lucan",
          "country":"GB",
          "postcode":"CODUBLIN",
          "delivery":"0.00",
          "total":"0.00",
          "grand_total":"0.00"
       }
    },
    {
       "model":"checkout.checkout",
       "pk":22,
       "fields":{
          "profile":null,
          "order_number":"4CD4D4594F6043419D3B35C55EB5C2C8",
          "date":"2022-10-23T13:10:00.940Z",
          "name":"sarah obrien",
          "email":"sarahobrien15@gmail.com",
          "phone":872118485,
          "address_line_1":"8 Silverberry",
          "address_line_2":"Finnstown Abbey",
          "town":"Lucan",
          "city":"Lucan",
          "country":"IE",
          "postcode":"CODUBLIN",
          "delivery":"0.00",
          "total":"0.00",
          "grand_total":"0.00"
       }
    },
    {
       "model":"checkout.checkout",
       "pk":23,
       "fields":{
          "profile":null,
          "order_number":"637D9046CF9847199B55BC15A876D072",
          "date":"2022-10-23T13:10:59.411Z",
          "name":"Sarah O'Brien",
          "email":"sarahobrien15@gmail.com",
          "phone":872118485,
          "address_line_1":"AP 28B 1452 1285542, AddressPal,",
          "address_line_2":"The Beacon, Mosquito Way",
          "town":"Hatfield",
          "city":"Hatfield",
          "country":"IE",
          "postcode":"AL10 9WN",
          "delivery":"0.00",
          "total":"0.00",
          "grand_total":"0.00"
       }
    },
    {
       "model":"checkout.checkout",
       "pk":24,
       "fields":{
          "profile":null,
          "order_number":"16FA3F19B7884DB38B73A47FBD504B1F",
          "date":"2022-10-23T15:06:42.613Z",
          "name":"sarah obrien",
          "email":"sarahobrien15@gmail.com",
          "phone":872118485,
          "address_line_1":"8 Silverberry",
          "address_line_2":"Finnstown Abbey",
          "town":"Lucan",
          "city":"Lucan",
          "country":"GB",
          "postcode":"CODUBLIN",
          "delivery":"0.00",
          "total":"0.00",
          "grand_total":"0.00"
       }
    },
    {
       "model":"checkout.checkout",
       "pk":25,
       "fields":{
          "profile":null,
          "order_number":"EDF0F203E8884E35A9DE4713C6BF4753",
          "date":"2022-10-23T18:30:04.700Z",
          "name":"sarah obrien",
          "email":"sarahobrien15@gmail.com",
          "phone":872118485,
          "address_line_1":"8 Silverberry",
          "address_line_2":"Finnstown Abbey",
          "town":"Lucan",
          "city":"Lucan",
          "country":"GB",
          "postcode":"CODUBLIN",
          "delivery":"0.00",
          "total":"0.00",
          "grand_total":"0.00"
       }
    },
    {
       "model":"checkout.checkout",
       "pk":26,
       "fields":{
          "profile":null,
          "order_number":"56ED892833F546FFAACBA8A497E789AE",
          "date":"2022-10-23T20:09:51.674Z",
          "name":"sarah obrien",
          "email":"sarahobrien15@gmail.com",
          "phone":872118485,
          "address_line_1":"8 Silverberry",
          "address_line_2":"Finnstown Abbey",
          "town":"Lucan",
          "city":"Lucan",
          "country":"IE",
          "postcode":"CODUBLIN",
          "delivery":"0.00",
          "total":"0.00",
          "grand_total":"0.00"
       }
    },
    {
       "model":"checkout.checkout",
       "pk":27,
       "fields":{
          "profile":null,
          "order_number":"3DFAEEFEF10A406EA7E1F670170EABC6",
          "date":"2022-10-24T16:05:44.463Z",
          "name":"sarah obrien",
          "email":"sarahobrien15@gmail.com",
          "phone":872118485,
          "address_line_1":"8 Silverberry",
          "address_line_2":null,
          "town":"Lucan",
          "city":"Lucan",
          "country":"IE",
          "postcode":"CODUBLIN",
          "delivery":"0.00",
          "total":"0.00",
          "grand_total":"0.00"
       }
    },
    {
       "model":"checkout.checkout",
       "pk":28,
       "fields":{
          "profile":null,
          "order_number":"1AFA6CE5DB8C4A479E6564A35A2AA19C",
          "date":"2022-10-24T16:22:02.603Z",
          "name":"sarah obrien",
          "email":"sarahobrien15@gmail.com",
          "phone":872118485,
          "address_line_1":"8 Silverberry",
          "address_line_2":"Finnstown Abbey",
          "town":"Lucan",
          "city":"Lucan",
          "country":"IE",
          "postcode":"K78 RR63",
          "delivery":"0.00",
          "total":"0.00",
          "grand_total":"0.00"
       }
    },
    {
       "model":"checkout.checkout",
       "pk":29,
       "fields":{
          "profile":null,
          "order_number":"865BE6BAE89448648507027A28589DB5",
          "date":"2022-10-26T19:21:51.572Z",
          "name":"Sarah O'Brien",
          "email":"sarahobrien15@gmail.com",
          "phone":872118485,
          "address_line_1":"AP 28B 1452 1285542, AddressPal,",
          "address_line_2":"The Beacon, Mosquito Way",
          "town":"Hatfield",
          "city":"Hatfield",
          "country":"IE",
          "postcode":"AL10 9WN",
          "delivery":"0.00",
          "total":"0.00",
          "grand_total":"0.00"
       }
    },
    {
       "model":"checkout.checkout",
       "pk":30,
       "fields":{
          "profile":null,
          "order_number":"0102C58ACD714A959780117D9200763F",
          "date":"2022-10-26T20:46:38.259Z",
          "name":"Sarah O'Brien",
          "email":"sarahobrien15@gmail.com",
          "phone":872118485,
          "address_line_1":"AP 28B 1452 1285542, AddressPal,",
          "address_line_2":"The Beacon, Mosquito Way",
          "town":"Hatfield",
          "city":"Hatfield",
          "country":"IE",
          "postcode":"AL10 9WN",
          "delivery":"0.00",
          "total":"0.00",
          "grand_total":"0.00"
       }
    },
    {
       "model":"checkout.checkout",
       "pk":31,
       "fields":{
          "profile":null,
          "order_number":"E804C34E84C64358A2137D312ADC9ABE",
          "date":"2022-10-27T17:52:03.078Z",
          "name":"sarah obrien",
          "email":"sarahobrien15@gmail.com",
          "phone":872118485,
          "address_line_1":"8 Silverberry",
          "address_line_2":"Finnstown Abbey",
          "town":"Lucan",
          "city":"Lucan",
          "country":"IE",
          "postcode":"CODUBLIN",
          "delivery":"0.00",
          "total":"0.00",
          "grand_total":"0.00"
       }
    },
    {
       "model":"checkout.checkout",
       "pk":32,
       "fields":{
          "profile":null,
          "order_number":"B3C15DFB0AB8437ABE3129EEB375ACEA",
          "date":"2022-10-28T14:08:22.387Z",
          "name":"sarah obrien",
          "email":"sarahobrien15@gmail.com",
          "phone":872118485,
          "address_line_1":"8 Silverberry",
          "address_line_2":"Finnstown Abbey",
          "town":"Lucan",
          "city":"Lucan",
          "country":"IE",
          "postcode":"CODUBLIN",
          "delivery":"0.00",
          "total":"0.00",
          "grand_total":"0.00"
       }
    },
    {
       "model":"checkout.checkout",
       "pk":33,
       "fields":{
          "profile":null,
          "order_number":"B8ABE854BCD64A549EDF9C37EFE44265",
          "date":"2022-11-01T21:02:12.231Z",
          "name":"sarah obrien",
          "email":"sarahobrien15@gmail.com",
          "phone":872118485,
          "address_line_1":"8 Silverberry",
          "address_line_2":"Finnstown Abbey",
          "town":"Lucan",
          "city":"Lucan",
          "country":"GB",
          "postcode":"CODUBLIN",
          "delivery":"0.00",
          "total":"0.00",
          "grand_total":"0.00"
       }
    },
    {
       "model":"checkout.checkout",
       "pk":34,
       "fields":{
          "profile":null,
          "order_number":"827A91C62E6A4DE0943947EB4686F10F",
          "date":"2022-11-01T21:07:31.313Z",
          "name":"sarah obrien",
          "email":"sarahobrien15@gmail.com",
          "phone":872118485,
          "address_line_1":"8 Silverberry",
          "address_line_2":"Finnstown Abbey",
          "town":"Lucan",
          "city":"Lucan",
          "country":"GB",
          "postcode":"CODUBLIN",
          "delivery":"0.00",
          "total":"0.00",
          "grand_total":"0.00"
       }
    },
    {
       "model":"checkout.checkout",
       "pk":35,
       "fields":{
          "profile":null,
          "order_number":"D21BE0C1CB2F46389D26D8B6A7DEA994",
          "date":"2022-11-01T21:09:53.085Z",
          "name":"sarah obrien",
          "email":"sarahobrien15@gmail.com",
          "phone":872118485,
          "address_line_1":"8 Silverberry",
          "address_line_2":"Finnstown Abbey",
          "town":"Lucan",
          "city":"Lucan",
          "country":"GB",
          "postcode":"CODUBLIN",
          "delivery":"0.00",
          "total":"0.00",
          "grand_total":"0.00"
       }
    },
    {
       "model":"checkout.checkout",
       "pk":36,
       "fields":{
          "profile":null,
          "order_number":"5E079614279D43BAB22FFAE4259AC206",
          "date":"2022-11-01T21:17:05.710Z",
          "name":"sarah obrien",
          "email":"sarahobrien15@gmail.com",
          "phone":872118485,
          "address_line_1":"8 Silverberry",
          "address_line_2":"Finnstown Abbey",
          "town":"Lucan",
          "city":"Lucan",
          "country":"GB",
          "postcode":"CODUBLIN",
          "delivery":"0.00",
          "total":"0.00",
          "grand_total":"0.00"
       }
    },
    {
       "model":"checkout.checkout",
       "pk":37,
       "fields":{
          "profile":null,
          "order_number":"A254343E4E42434CB7532B93F0923480",
          "date":"2022-11-01T21:19:52.276Z",
          "name":"sarah obrien",
          "email":"sarahobrien15@gmail.com",
          "phone":872118485,
          "address_line_1":"8 Silverberry",
          "address_line_2":"Finnstown Abbey",
          "town":"Lucan",
          "city":"Lucan",
          "country":"GB",
          "postcode":"CODUBLIN",
          "delivery":"0.00",
          "total":"0.00",
          "grand_total":"0.00"
       }
    },
    {
       "model":"checkout.checkout",
       "pk":38,
       "fields":{
          "profile":null,
          "order_number":"338D50260BB348D48F6954B82B4C3C12",
          "date":"2022-11-01T21:24:08.218Z",
          "name":"sarah obrien",
          "email":"sarahobrien15@gmail.com",
          "phone":872118485,
          "address_line_1":"8 Silverberry",
          "address_line_2":"Finnstown Abbey",
          "town":"Lucan",
          "city":"Lucan",
          "country":"GB",
          "postcode":"CODUBLIN",
          "delivery":"0.00",
          "total":"0.00",
          "grand_total":"0.00"
       }
    },
    {
       "model":"checkout.checkout",
       "pk":39,
       "fields":{
          "profile":null,
          "order_number":"7CC9907EBA324EC3A2A5511B9DA098D3",
          "date":"2022-11-01T21:36:56.512Z",
          "name":"sarah obrien",
          "email":"sarahobrien15@gmail.com",
          "phone":872118485,
          "address_line_1":"8 Silverberry",
          "address_line_2":"Finnstown Abbey",
          "town":"Lucan",
          "city":"Lucan",
          "country":"GB",
          "postcode":"CODUBLIN",
          "delivery":"0.00",
          "total":"0.00",
          "grand_total":"0.00"
       }
    },
    {
       "model":"checkout.checkout",
       "pk":40,
       "fields":{
          "profile":null,
          "order_number":"87CAD9ABD4F446C29B4ABB53816A53D4",
          "date":"2022-11-01T21:37:11.312Z",
          "name":"sarah obrien",
          "email":"sarahobrien15@gmail.com",
          "phone":872118485,
          "address_line_1":"8 Silverberry",
          "address_line_2":"Finnstown Abbey",
          "town":"Lucan",
          "city":"Lucan",
          "country":"GB",
          "postcode":"CODUBLIN",
          "delivery":"0.00",
          "total":"47.97",
          "grand_total":"95987.97"
       }
    },
    {
       "model":"checkout.checkout",
       "pk":41,
       "fields":{
          "profile":null,
          "order_number":"7F10735FDD374563B56FD49449EFA325",
          "date":"2022-11-01T21:43:48.907Z",
          "name":"sarah obrien",
          "email":"sarahobrien15@gmail.com",
          "phone":872118485,
          "address_line_1":"8 Silverberry",
          "address_line_2":"Finnstown Abbey",
          "town":"Lucan",
          "city":"Lucan",
          "country":"GB",
          "postcode":"CODUBLIN",
          "delivery":"0.00",
          "total":"47.97",
          "grand_total":"95987.97"
       }
    },
    {
       "model":"checkout.checkout",
       "pk":42,
       "fields":{
          "profile":null,
          "order_number":"BFFB53D087B24466BBF8D6E659BC8C5A",
          "date":"2022-11-01T21:44:11.341Z",
          "name":"sarah obrien",
          "email":"sarahobrien15@gmail.com",
          "phone":872118485,
          "address_line_1":"8 Silverberry",
          "address_line_2":"Finnstown Abbey",
          "town":"Lucan",
          "city":"Lucan",
          "country":"GB",
          "postcode":"CODUBLIN",
          "delivery":"0.00",
          "total":"47.97",
          "grand_total":"95987.97"
       }
    },
    {
       "model":"checkout.checkout",
       "pk":43,
       "fields":{
          "profile":1,
          "order_number":"396072199F1945F0BEB2EB08D1C2EF50",
          "date":"2022-11-01T21:44:57.421Z",
          "name":"sarah obrien",
          "email":"sarahobrien15@gmail.com",
          "phone":872118485,
          "address_line_1":"8 Silverberry",
          "address_line_2":"Finnstown Abbey",
          "town":"Lucan",
          "city":"Lucan",
          "country":"GB",
          "postcode":"CODUBLIN",
          "delivery":"0.00",
          "total":"47.97",
          "grand_total":"95987.97"
       }
    },
    {
       "model":"checkout.checkout",
       "pk":44,
       "fields":{
          "profile":null,
          "order_number":"87D5CFA3CB084418946F9B563C0752D6",
          "date":"2022-11-02T19:26:22.835Z",
          "name":"sarah obrien",
          "email":"sarahobrien15@gmail.com",
          "phone":872118485,
          "address_line_1":"8 Silverberry",
          "address_line_2":"Finnstown Abbey",
          "town":"Lucan",
          "city":"Lucan",
          "country":"GB",
          "postcode":"CODUBLIN",
          "delivery":"0.00",
          "total":"899.82",
          "grand_total":"899.82"
       }
    },
    {
       "model":"checkout.checkout",
       "pk":45,
       "fields":{
          "profile":null,
          "order_number":"3DDA68939B3F45529B246754D744ECD8",
          "date":"2022-11-02T19:26:40.325Z",
          "name":"sarah obrien",
          "email":"sarahobrien15@gmail.com",
          "phone":872118485,
          "address_line_1":"8 Silverberry",
          "address_line_2":"Finnstown Abbey",
          "town":"Lucan",
          "city":"Lucan",
          "country":"GB",
          "postcode":"CODUBLIN",
          "delivery":"0.00",
          "total":"899.82",
          "grand_total":"899.82"
       }
    },
    {
       "model":"checkout.checkout",
       "pk":46,
       "fields":{
          "profile":1,
          "order_number":"0176CA687E3C4A1B99534664B1197895",
          "date":"2022-11-02T19:29:31.500Z",
          "name":"test",
          "email":"test@test.com",
          "phone":6,
          "address_line_1":"tet",
          "address_line_2":"test",
          "town":"test",
          "city":"test",
          "country":"IE",
          "postcode":"test",
          "delivery":"0.00",
          "total":"49.99",
          "grand_total":"100029.99"
       }
    },
    {
       "model":"checkout.checkout",
       "pk":47,
       "fields":{
          "profile":null,
          "order_number":"E510A4105DC6479D9B022F8560396887",
          "date":"2022-11-02T19:49:28.746Z",
          "name":"Sarah O'Brien",
          "email":"sarahobrien15@gmail.com",
          "phone":872118485,
          "address_line_1":"AP 28B 1452 1285542, AddressPal,",
          "address_line_2":"The Beacon, Mosquito Way",
          "town":"Hatfield",
          "city":"Hatfield",
          "country":"IE",
          "postcode":"AL10 9WN",
          "delivery":"0.00",
          "total":"29.99",
          "grand_total":"60009.99"
       }
    },
    {
       "model":"checkout.checkout",
       "pk":48,
       "fields":{
          "profile":null,
          "order_number":"B0C0FB3762AA4EA8BCE7D9CF08E5BCF5",
          "date":"2022-11-02T20:08:23.704Z",
          "name":"Sarah O'Brien",
          "email":"sarahobrien15@gmail.com",
          "phone":872118485,
          "address_line_1":"AP 28B 1452 1285542, AddressPal,",
          "address_line_2":"The Beacon, Mosquito Way",
          "town":"Hatfield",
          "city":"Hatfield",
          "country":"IE",
          "postcode":"AL10 9WN",
          "delivery":"0.00",
          "total":"29.99",
          "grand_total":"60009.99"
       }
    },
    {
       "model":"checkout.checkout",
       "pk":49,
       "fields":{
          "profile":1,
          "order_number":"337EA1B030B24194AEDAAEB132326160",
          "date":"2022-11-02T20:40:28.230Z",
          "name":"sarah obrien",
          "email":"sarahobrien15@gmail.com",
          "phone":872118485,
          "address_line_1":"8 Silverberry",
          "address_line_2":"Finnstown Abbey",
          "town":"Lucan",
          "city":"Lucan",
          "country":"IE",
          "postcode":"K78 RR63",
          "delivery":"0.00",
          "total":"149.97",
          "grand_total":"149.97"
       }
    },
    {
       "model":"checkout.checkout",
       "pk":50,
       "fields":{
          "profile":1,
          "order_number":"6753EE1AD8BE4848A985DE4C1005EC9E",
          "date":"2022-11-02T21:00:58.934Z",
          "name":"Sarah O'Brien",
          "email":"sarahobrien15@gmail.com",
          "phone":872118485,
          "address_line_1":"AP 28B 1452 1285542, AddressPal,",
          "address_line_2":"The Beacon, Mosquito Way",
          "town":"Hatfield",
          "city":"Hatfield",
          "country":"IE",
          "postcode":"AL10 9WN",
          "delivery":"0.00",
          "total":"15.99",
          "grand_total":"31995.99"
       }
    },
    {
       "model":"checkout.checkout",
       "pk":51,
       "fields":{
          "profile":1,
          "order_number":"99C2F3EA7CD14448BF855F7A18877549",
          "date":"2022-11-02T22:42:54.576Z",
          "name":"sarah obrien",
          "email":"sarahobrien15@gmail.com",
          "phone":872118485,
          "address_line_1":"8 Silverberry",
          "address_line_2":"Finnstown Abbey",
          "town":"Lucan",
          "city":"Lucan",
          "country":"IE",
          "postcode":"CODUBLIN",
          "delivery":"0.00",
          "total":"79.98",
          "grand_total":"79.98"
       }
    },
    {
       "model":"checkout.checkout",
       "pk":52,
       "fields":{
          "profile":1,
          "order_number":"CF9934AFDFFF4471AC7BFDD280706DD8",
          "date":"2022-11-02T22:49:32.496Z",
          "name":"sarah obrien",
          "email":"sarahobrien15@gmail.com",
          "phone":872118485,
          "address_line_1":"8 Silverberry",
          "address_line_2":"Finnstown Abbey",
          "town":"Lucan",
          "city":"Lucan",
          "country":"IE",
          "postcode":"K78 RR63",
          "delivery":"0.00",
          "total":"15.99",
          "grand_total":"31995.99"
       }
    },
    {
       "model":"checkout.checkout",
       "pk":53,
       "fields":{
          "profile":1,
          "order_number":"4774ED931BBD4F92A3107A6D80D8AF5F",
          "date":"2022-11-03T18:41:42.589Z",
          "name":"sarah obrien",
          "email":"sarahobrien15@gmail.com",
          "phone":872118485,
          "address_line_1":"8 Silverberry",
          "address_line_2":"Finnstown Abbey",
          "town":"Lucan",
          "city":"Lucan",
          "country":"IE",
          "postcode":"K78 RR63",
          "delivery":"0.00",
          "total":"19.99",
          "grand_total":"20009.99"
       }
    },
    {
       "model":"checkout.checkout",
       "pk":54,
       "fields":{
          "profile":1,
          "order_number":"C12F8A60B5BC44CF800726E3868C9B68",
          "date":"2022-11-03T18:49:16.875Z",
          "name":"sarah obrien",
          "email":"sarahobrien15@gmail.com",
          "phone":872118485,
          "address_line_1":"8 Silverberry",
          "address_line_2":"Finnstown Abbey",
          "town":"Lucan",
          "city":"Lucan",
          "country":"GB",
          "postcode":"CODUBLIN",
          "delivery":"0.00",
          "total":"15.99",
          "grand_total":"16005.99"
       }
    },
    {
       "model":"checkout.checkout",
       "pk":55,
       "fields":{
          "profile":1,
          "order_number":"5B13E46A35E548C3BF792911DA80D012",
          "date":"2022-11-03T19:14:25.742Z",
          "name":"Sarah O'Brien",
          "email":"sarahobrien15@gmail.com",
          "phone":872118485,
          "address_line_1":"AP 28B 1452 1285542, AddressPal,",
          "address_line_2":"The Beacon, Mosquito Way",
          "town":"Hatfield",
          "city":"Hatfield",
          "country":"IE",
          "postcode":"AL10 9WN",
          "delivery":"0.00",
          "total":"19.99",
          "grand_total":"20009.99"
       }
    },
    {
       "model":"checkout.order_number",
       "pk":1,
       "fields":{
          "order":34,
          "product":18,
          "product_size":10,
          "qty":3,
          "order_total":"47.97"
       }
    },
    {
       "model":"checkout.order_number",
       "pk":2,
       "fields":{
          "order":35,
          "product":18,
          "product_size":10,
          "qty":3,
          "order_total":"47.97"
       }
    },
    {
       "model":"checkout.order_number",
       "pk":3,
       "fields":{
          "order":36,
          "product":18,
          "product_size":10,
          "qty":3,
          "order_total":"47.97"
       }
    },
    {
       "model":"checkout.order_number",
       "pk":4,
       "fields":{
          "order":37,
          "product":18,
          "product_size":10,
          "qty":3,
          "order_total":"47.97"
       }
    },
    {
       "model":"checkout.order_number",
       "pk":5,
       "fields":{
          "order":38,
          "product":18,
          "product_size":10,
          "qty":3,
          "order_total":"47.97"
       }
    },
    {
       "model":"checkout.order_number",
       "pk":6,
       "fields":{
          "order":39,
          "product":18,
          "product_size":10,
          "qty":3,
          "order_total":"47.97"
       }
    },
    {
       "model":"checkout.order_number",
       "pk":7,
       "fields":{
          "order":40,
          "product":18,
          "product_size":10,
          "qty":3,
          "order_total":"47.97"
       }
    },
    {
       "model":"checkout.order_number",
       "pk":8,
       "fields":{
          "order":41,
          "product":18,
          "product_size":10,
          "qty":3,
          "order_total":"47.97"
       }
    },
    {
       "model":"checkout.order_number",
       "pk":9,
       "fields":{
          "order":42,
          "product":18,
          "product_size":10,
          "qty":3,
          "order_total":"47.97"
       }
    },
    {
       "model":"checkout.order_number",
       "pk":10,
       "fields":{
          "order":43,
          "product":18,
          "product_size":10,
          "qty":3,
          "order_total":"47.97"
       }
    },
    {
       "model":"checkout.order_number",
       "pk":11,
       "fields":{
          "order":44,
          "product":6,
          "product_size":null,
          "qty":18,
          "order_total":"899.82"
       }
    },
    {
       "model":"checkout.order_number",
       "pk":12,
       "fields":{
          "order":45,
          "product":6,
          "product_size":null,
          "qty":18,
          "order_total":"899.82"
       }
    },
    {
       "model":"checkout.order_number",
       "pk":13,
       "fields":{
          "order":46,
          "product":6,
          "product_size":10,
          "qty":1,
          "order_total":"49.99"
       }
    },
    {
       "model":"checkout.order_number",
       "pk":14,
       "fields":{
          "order":47,
          "product":2,
          "product_size":10,
          "qty":1,
          "order_total":"29.99"
       }
    },
    {
       "model":"checkout.order_number",
       "pk":15,
       "fields":{
          "order":48,
          "product":2,
          "product_size":10,
          "qty":1,
          "order_total":"29.99"
       }
    },
    {
       "model":"checkout.order_number",
       "pk":16,
       "fields":{
          "order":49,
          "product":6,
          "product_size":10,
          "qty":3,
          "order_total":"149.97"
       }
    },
    {
       "model":"checkout.order_number",
       "pk":17,
       "fields":{
          "order":50,
          "product":17,
          "product_size":6,
          "qty":1,
          "order_total":"15.99"
       }
    },
    {
       "model":"checkout.order_number",
       "pk":18,
       "fields":{
          "order":51,
          "product":1,
          "product_size":10,
          "qty":2,
          "order_total":"79.98"
       }
    },
    {
       "model":"checkout.order_number",
       "pk":19,
       "fields":{
          "order":52,
          "product":17,
          "product_size":10,
          "qty":1,
          "order_total":"15.99"
       }
    },
    {
       "model":"checkout.order_number",
       "pk":20,
       "fields":{
          "order":53,
          "product":17,
          "product_size":10,
          "qty":1,
          "order_total":"19.99"
       }
    },
    {
       "model":"checkout.order_number",
       "pk":21,
       "fields":{
          "order":54,
          "product":18,
          "product_size":10,
          "qty":1,
          "order_total":"15.99"
       }
    },
    {
       "model":"checkout.order_number",
       "pk":22,
       "fields":{
          "order":55,
          "product":17,
          "product_size":10,
          "qty":1,
          "order_total":"19.99"
       }
    },

    {
       "model":"information.contact",
       "pk":1,
       "fields":{
          "name":"superuser",
          "date":"2022-10-23T23:46:45.550Z",
          "your_message":"f",
          "email":"vv@0.com",
          "phone":9
       }
    },
    {
       "model":"information.contact",
       "pk":2,
       "fields":{
          "name":"superuser",
          "date":"2022-10-23T23:46:58.476Z",
          "your_message":"f",
          "email":"vv@0.com",
          "phone":9
       }
    },
    {
       "model":"information.contact",
       "pk":3,
       "fields":{
          "name":"sarah obrien",
          "date":"2022-10-23T23:47:09.067Z",
          "your_message":"p",
          "email":"sarahobrien15@gmail.com",
          "phone":872118485
       }
    },
    {
       "model":"information.contact",
       "pk":4,
       "fields":{
          "name":"sarah obrien",
          "date":"2022-10-23T23:49:20.775Z",
          "your_message":"pp",
          "email":"sarahobrien15@gmail.com",
          "phone":872118485
       }
    },
    {
       "model":"information.contact",
       "pk":5,
       "fields":{
          "name":"sarah obrien",
          "date":"2022-10-23T23:50:07.742Z",
          "your_message":"pp",
          "email":"sarahobrien15@gmail.com",
          "phone":872118485
       }
    },
    {
       "model":"information.contact",
       "pk":6,
       "fields":{
          "name":"sarah obrien",
          "date":"2022-10-23T23:50:13.909Z",
          "your_message":"pp",
          "email":"sarahobrien15@gmail.com",
          "phone":872118485
       }
    },
    {
       "model":"information.contact",
       "pk":7,
       "fields":{
          "name":"sarah obrien",
          "date":"2022-10-24T09:54:23.993Z",
          "your_message":"m",
          "email":"sarahobrien15@gmail.com",
          "phone":872118485
       }
    },
    {
       "model":"information.contact",
       "pk":8,
       "fields":{
          "name":"sarah obrien",
          "date":"2022-10-24T09:55:13.979Z",
          "your_message":"m",
          "email":"sarahobrien15@gmail.com",
          "phone":872118485
       }
    },
    {
       "model":"information.contact",
       "pk":9,
       "fields":{
          "name":"sarah obrien",
          "date":"2022-10-24T09:56:29.564Z",
          "your_message":"m",
          "email":"sarahobrien15@gmail.com",
          "phone":872118485
       }
    },
    {
       "model":"information.contact",
       "pk":10,
       "fields":{
          "name":"sarah obrien",
          "date":"2022-10-24T10:01:00.535Z",
          "your_message":"m",
          "email":"sarahobrien15@gmail.com",
          "phone":872118485
       }
    }
 ]